IDSK,IDCLIENTE,NOME,SEXO,EMAIL,NASCIMENTO,CIDADE,ESTADO,REGIAO
1,1,Luan Costa,Masculino,LuanRodriguesCosta@supermail.com,1981-04-22,Abreu e Lima,PE,NORDESTE
2,2,Eduardo Cunha,Masculino,EduardoCostaCunha@rhyta.com,1968-05-17,Abreu e Lima,PE,NORDESTE
3,3,Thiago Castro,Masculino,ThiagoGomesCastro@superrito.com,1979-11-30,Abreu e Lima,PE,NORDESTE
4,4,Clara Souza,Feminino,ClaraLimaSouza@supermail.com,1989-11-07,Alagoinhas,BA,NORDESTE
5,5,Aline Alves,Feminino,AlineBarbosaAlves@cuvox.de,1970-11-07,Alegrete,RS,SUL
6,6,Caio Barbosa,Masculino,CaioGomesBarbosa@armyspy.com,1990-05-11,Almirante Tamandaré,PR,SUL
7,7,Kauã Cunha,Masculino,KauaPintoCunha@supermail.com,1953-09-21,Alvorada,RS,SUL
8,8,Rafaela Gomes,Feminino,RafaelaRochaGomes@einrot.com,1988-01-16,Americana,SP,SUDESTE
9,9,Samuel Lima,Masculino,SamuelRibeiroLima@jourrapide.com,1960-04-06,Americana,SP,SUDESTE
10,10,Kaua Rocha,Masculino,KauaMartinsRocha@fleckens.hu,1952-10-23,Amparo,SP,SUDESTE
11,11,Júlia Azevedo,Feminino,JuliaDiasAzevedo@supermail.com,1981-08-27,Amparo,SP,SUDESTE
12,12,Murilo Silva,Masculino,MuriloPereiraSilva@jourrapide.com,1973-01-04,Ananindeua,PA,NORTE
13,13,Júlio Cunha,Masculino,JulioSilvaCunha@supermail.com,1994-04-01,Ananindeua,PA,NORTE
14,14,Amanda Melo,Feminino,AmandaPintoMelo@armyspy.com,1950-02-19,Ananindeua,PA,NORTE
15,15,Tomás Oliveira,Masculino,TomasSousaOliveira@gustr.com,1958-10-12,Anápolis,GO,CENTRO-OESTE
16,16,Vinícius Barros,Masculino,ViniciusCardosoBarros@jourrapide.com,1980-07-19,Anápolis,GO,CENTRO-OESTE
17,17,Eduarda Goncalves,Feminino,EduardaCavalcantiGoncalves@cuvox.de,1957-01-27,Aparecida de Goiânia,GO,CENTRO-OESTE
18,18,José Pereira,Masculino,JoseRochaPereira@einrot.com,1968-01-18,Aparecida de Goiânia,GO,CENTRO-OESTE
19,19,Diogo Castro,Masculino,DiogoAraujoCastro@gustr.com,1961-03-20,Aparecida de Goiânia,GO,CENTRO-OESTE
20,20,Leonardo Almeida,Masculino,LeonardoAlvesAlmeida@armyspy.com,1953-08-10,Apucarana,PR,SUL
21,21,Eduarda Ferreira,Feminino,EduardaBarrosFerreira@superrito.com,1983-09-15,Apucarana,PR,SUL
22,22,Fábio Barbosa,Masculino,FabioMartinsBarbosa@rhyta.com,1984-11-02,Apucarana,PR,SUL
23,23,Thaís Fernandes,Feminino,ThaisSantosFernandes@supermail.com,1988-09-11,Araçatuba,SP,SUDESTE
24,24,Kai Castro,Masculino,KaiGoncalvesCastro@rhyta.com,1959-05-21,Araçatuba,SP,SUDESTE
25,25,Rodrigo Santos,Masculino,RodrigoSousaSantos@gustr.com,1956-07-03,Araçatuba,SP,SUDESTE
26,26,Rafael Sousa,Masculino,RafaelCostaSousa@cuvox.de,1959-03-14,Araçatuba,SP,SUDESTE
27,27,Kauã Pinto,Masculino,KauaRodriguesPinto@armyspy.com,1952-12-09,Araguaína,TO,NORTE
28,28,Gabriela Costa,Feminino,GabrielaMeloCosta@superrito.com,1989-07-23,Araguaína,TO,NORTE
29,29,Carlos Ferreira,Masculino,CarlosPintoFerreira@jourrapide.com,1985-09-17,Araguari,MG,SUDESTE
30,30,Leila Melo,Feminino,LeilaCastroMelo@supermail.com,1955-06-03,Araguari,MG,SUDESTE
31,31,Manuela Costa,Feminino,ManuelaCorreiaCosta@jourrapide.com,1950-03-02,Arapiraca,AL,NORDESTE
32,32,Sofia Dias,Feminino,SofiaRochaDias@teleworm.us,1983-10-08,Araraquara,SP,SUDESTE
33,33,Arthur Rodrigues,Masculino,ArthurCastroRodrigues@gustr.com,1985-05-09,Araraquara,SP,SUDESTE
34,34,Vitor Barros,Masculino,VitorAlvesBarros@einrot.com,1964-09-30,Araraquara,SP,SUDESTE
35,35,Eduarda Cavalcanti,Feminino,EduardaLimaCavalcanti@fleckens.hu,1969-03-02,Araras,SP,SUDESTE
36,36,Danilo Sousa,Masculino,DaniloSantosSousa@einrot.com,1970-07-15,Araucária,PR,SUL
37,37,Thaís Pereira,Feminino,ThaisSousaPereira@jourrapide.com,1966-08-15,Araxá,MG,SUDESTE
38,38,Estevan Cardoso,Masculino,EstevanAraujoCardoso@fleckens.hu,1975-07-02,Arcoverde,PE,NORDESTE
39,39,Nicole Ribeiro,Feminino,NicolePereiraRibeiro@cuvox.de,1983-08-03,Atibaia,SP,SUDESTE
40,40,Bruno Rodrigues,Masculino,BrunoFerreiraRodrigues@fleckens.hu,1968-04-14,Atibaia,SP,SUDESTE
41,41,Kauê Oliveira,Masculino,KaueAraujoOliveira@fleckens.hu,1991-11-02,Avaré,SP,SUDESTE
42,42,Antônio Correia,Masculino,AntonioCunhaCorreia@teleworm.us,1962-05-18,Avaré,SP,SUDESTE
43,43,Miguel Ferreira,Masculino,MiguelSouzaFerreira@rhyta.com,1971-10-22,Bagé,RS,SUL
44,44,José Melo,Masculino,JoseAlmeidaMelo@gustr.com,1971-07-15,Bagé,RS,SUL
45,45,Antônio Goncalves,Masculino,AntonioRodriguesGoncalves@superrito.com,1960-12-30,Barbacena,MG,SUDESTE
46,46,Rafaela Silva,Feminino,RafaelaPintoSilva@supermail.com,1989-06-06,Barbacena,MG,SUDESTE
47,47,Beatriz Sousa,Feminino,BeatrizCastroSousa@superrito.com,1946-05-20,Barbacena,MG,SUDESTE
48,48,Isabella Castro,Feminino,IsabellaCunhaCastro@gustr.com,1972-10-13,Barra do Piraí,RJ,SUDESTE
49,49,Luiza Pinto,Feminino,LuizaFerreiraPinto@superrito.com,1977-10-09,Barra Mansa,RJ,SUDESTE
50,50,Eduarda Melo,Feminino,EduardaAlmeidaMelo@fleckens.hu,1986-09-28,Barueri,SP,SUDESTE
51,51,Arthur Cunha,Masculino,ArthurMeloCunha@supermail.com,1964-08-31,Bauru,SP,SUDESTE
52,52,Julian Sousa,Masculino,JulianGoncalvesSousa@gustr.com,1949-08-25,Bauru,SP,SUDESTE
53,53,Lara Melo,Feminino,LaraPereiraMelo@cuvox.de,1946-12-23,Bauru,SP,SUDESTE
54,54,Estevan Lima,Masculino,EstevanAzevedoLima@supermail.com,1962-10-12,Bauru,SP,SUDESTE
55,55,Maria Sousa,Feminino,MariaPereiraSousa@teleworm.us,1991-09-10,Bauru,SP,SUDESTE
56,56,Lavinia Rodrigues,Feminino,LaviniaCarvalhoRodrigues@superrito.com,1982-05-10,Bebedouro,SP,SUDESTE
57,57,Laura Castro,Feminino,LauraDiasCastro@einrot.com,1980-12-11,Belém,PA,NORTE
58,58,Camila Martins,Feminino,CamilaDiasMartins@supermail.com,1968-02-28,Belém,PA,NORTE
59,59,Luis Dias,Masculino,LuisRodriguesDias@fleckens.hu,1943-11-05,Belém,PA,NORTE
60,60,Luis Castro,Masculino,LuisFernandesCastro@cuvox.de,1975-01-23,Belém,PA,NORTE
61,61,Julia Araujo,Feminino,JuliaAzevedoAraujo@jourrapide.com,1971-04-08,Belém,PA,NORTE
62,62,José Alves,Masculino,JoseDiasAlves@einrot.com,1968-06-07,Belém,PA,NORTE
63,63,Felipe Gomes,Masculino,FelipeAzevedoGomes@fleckens.hu,1951-11-16,Belém,PA,NORTE
64,64,Julian Sousa,Masculino,JulianDiasSousa@fleckens.hu,1973-09-26,Belém,PA,NORTE
65,65,Estevan Barbosa,Masculino,EstevanLimaBarbosa@armyspy.com,1993-09-14,Belém,PA,NORTE
66,66,Leila Rocha,Feminino,LeilaAzevedoRocha@teleworm.us,1958-05-20,Belém,PA,NORTE
67,67,Clara Pereira,Feminino,ClaraRibeiroPereira@gustr.com,1990-01-12,Belém,PA,NORTE
68,68,Kaua Almeida,Masculino,KauaMeloAlmeida@supermail.com,1945-12-22,Belford Roxo,RJ,SUDESTE
69,69,Gabriel Souza,Masculino,GabrielCunhaSouza@rhyta.com,1987-08-06,Belo Horizonte,MG,SUDESTE
70,70,Marina Barbosa,Feminino,MarinaCastroBarbosa@jourrapide.com,1966-05-10,Belo Horizonte,MG,SUDESTE
71,71,Amanda Cavalcanti,Feminino,AmandaSousaCavalcanti@superrito.com,1968-09-27,Belo Horizonte,MG,SUDESTE
72,72,Gabrielle Castro,Feminino,GabrielleCavalcantiCastro@supermail.com,1945-05-15,Belo Horizonte,MG,SUDESTE
73,73,Beatriz Correia,Feminino,BeatrizRochaCorreia@armyspy.com,1972-09-22,Belo Horizonte,MG,SUDESTE
74,74,Cauã Carvalho,Masculino,CauaAlvesCarvalho@teleworm.us,1968-10-20,Belo Horizonte,MG,SUDESTE
75,75,Fernanda Lima,Feminino,FernandaPereiraLima@armyspy.com,1976-02-08,Belo Horizonte,MG,SUDESTE
76,76,Ágatha Fernandes,Feminino,AgathaBarrosFernandes@superrito.com,1994-07-15,Belo Horizonte,MG,SUDESTE
77,77,Luan Rodrigues,Masculino,LuanPintoRodrigues@fleckens.hu,1949-11-07,Belo Horizonte,MG,SUDESTE
78,78,Paulo Ferreira,Masculino,PauloRodriguesFerreira@superrito.com,1954-12-16,Belo Horizonte,MG,SUDESTE
79,79,Yasmin Barros,Feminino,YasminDiasBarros@einrot.com,1945-09-30,Belo Horizonte,MG,SUDESTE
80,80,Bruna Santos,Feminino,BrunaCavalcantiSantos@jourrapide.com,1980-07-06,Belo Horizonte,MG,SUDESTE
81,81,Nicolas Cunha,Masculino,NicolasPintoCunha@einrot.com,1963-08-30,Belo Horizonte,MG,SUDESTE
82,82,Vinicius Melo,Masculino,ViniciusOliveiraMelo@einrot.com,1971-03-14,Belo Horizonte,MG,SUDESTE
83,83,Lavinia Costa,Feminino,LaviniaGoncalvesCosta@armyspy.com,1948-04-02,Belo Horizonte,MG,SUDESTE
84,84,Julieta Santos,Feminino,JulietaAlmeidaSantos@fleckens.hu,1975-06-10,Belo Horizonte,MG,SUDESTE
85,85,Luiz Cunha,Masculino,LuizAlmeidaCunha@jourrapide.com,1970-12-14,Belo Horizonte,MG,SUDESTE
86,86,Alex Barros,Masculino,AlexPintoBarros@fleckens.hu,1994-09-05,Belo Horizonte,MG,SUDESTE
87,87,Eduardo Correia,Masculino,EduardoAraujoCorreia@jourrapide.com,1950-01-31,Belo Horizonte,MG,SUDESTE
88,88,Livia Almeida,Feminino,LiviaCavalcantiAlmeida@gustr.com,1981-10-08,Belo Horizonte,MG,SUDESTE
89,89,Vinícius Ferreira,Masculino,ViniciusAlmeidaFerreira@teleworm.us,1971-11-27,Belo Horizonte,MG,SUDESTE
90,90,Danilo Ferreira,Masculino,DaniloSantosFerreira@supermail.com,1977-09-10,Belo Horizonte,MG,SUDESTE
91,91,Miguel Azevedo,Masculino,MiguelFernandesAzevedo@cuvox.de,1990-12-24,Betim,MG,SUDESTE
92,92,Lavinia Cavalcanti,Feminino,LaviniaRodriguesCavalcanti@superrito.com,1979-08-10,Betim,MG,SUDESTE
93,93,Arthur Lima,Masculino,ArthurAlvesLima@supermail.com,1993-10-04,Birigüi,SP,SUDESTE
94,94,Erick Ferreira,Masculino,ErickAlmeidaFerreira@superrito.com,1985-09-21,Birigüi,SP,SUDESTE
95,95,Kai Souza,Masculino,KaiRodriguesSouza@einrot.com,1994-09-03,Blumenau,SC,SUL
96,96,Maria Castro,Feminino,MariaCardosoCastro@rhyta.com,1971-09-16,Blumenau,SC,SUL
97,97,Tomás Melo,Masculino,TomasCostaMelo@superrito.com,1949-04-06,Blumenau,SC,SUL
98,98,Marina Dias,Feminino,MarinaAzevedoDias@supermail.com,1995-01-26,Blumenau,SC,SUL
99,99,Mariana Dias,Feminino,MarianaCardosoDias@cuvox.de,1961-06-08,Blumenau,SC,SUL
100,100,Tânia Fernandes,Feminino,TaniaGomesFernandes@superrito.com,1970-12-12,Blumenau,SC,SUL
101,101,Carlos Gomes,Masculino,CarlosOliveiraGomes@teleworm.us,1984-03-18,Boa Vista,RR,NORTE
102,102,Larissa Cunha,Feminino,LarissaPereiraCunha@superrito.com,1972-05-29,Botucatu,SP,SUDESTE
103,103,Leonardo Rodrigues,Masculino,LeonardoAlmeidaRodrigues@superrito.com,1950-05-14,Bragança Paulista,SP,SUDESTE
104,104,Mateus Martins,Masculino,MateusSantosMartins@jourrapide.com,1984-01-26,Bragança Paulista,SP,SUDESTE
105,105,Kauã Barros,Masculino,KauaRochaBarros@gustr.com,1990-10-22,Brasília,DF,CENTRO-OESTE
106,106,Kauã Pereira,Masculino,KauaCunhaPereira@teleworm.us,1951-03-14,Brasília,DF,CENTRO-OESTE
107,107,Martim Oliveira,Masculino,MartimCastroOliveira@armyspy.com,1973-10-08,Brasília,DF,CENTRO-OESTE
108,108,Martim Castro,Masculino,MartimBarrosCastro@gustr.com,1962-07-28,Brasília,DF,CENTRO-OESTE
109,109,Victor Castro,Masculino,VictorCunhaCastro@einrot.com,1959-10-05,Brasília,DF,CENTRO-OESTE
110,110,Sophia Azevedo,Feminino,SophiaCastroAzevedo@einrot.com,1984-11-02,Brasília,DF,CENTRO-OESTE
111,111,Beatrice Barbosa,Feminino,BeatriceSouzaBarbosa@rhyta.com,1990-11-27,Brazlândia,DF,CENTRO-OESTE
112,112,Luiza Melo,Feminino,LuizaOliveiraMelo@einrot.com,1957-09-21,Cabo de Santo Agostinho,PE,NORDESTE
113,113,Lavinia Melo,Feminino,LaviniaCavalcantiMelo@teleworm.us,1972-02-03,Cabo Frio,RJ,SUDESTE
114,114,Joao Cavalcanti,Masculino,JoaoRibeiroCavalcanti@rhyta.com,1946-09-25,Cachoeirinha,RS,SUL
115,115,João Ribeiro,Masculino,JoaoLimaRibeiro@einrot.com,1950-04-27,Cachoeiro de Itapemirim,ES,SUDESTE
116,116,Sophia Alves,Feminino,SophiaCorreiaAlves@jourrapide.com,1972-09-20,Cachoeiro de Itapemirim,ES,SUDESTE
117,117,Otávio Rodrigues,Masculino,OtavioFernandesRodrigues@teleworm.us,1971-01-13,Cachoeiro de Itapemirim,ES,SUDESTE
118,118,Bruno Silva,Masculino,BrunoRodriguesSilva@superrito.com,1974-05-12,Cacoal,RO,NORTE
119,119,Marcos Dias,Masculino,MarcosRochaDias@einrot.com,1959-03-06,Camaragibe,PE,NORDESTE
120,120,Isabela Lima,Feminino,IsabelaPintoLima@fleckens.hu,1975-12-22,Camaragibe,PE,NORDESTE
121,121,Evelyn Carvalho,Feminino,EvelynRibeiroCarvalho@superrito.com,1989-01-25,Camaragibe,PE,NORDESTE
122,122,Marcos Castro,Masculino,MarcosAlvesCastro@armyspy.com,1949-11-23,Camaragibe,PE,NORDESTE
123,123,Nicolash Goncalves,Masculino,NicolashCarvalhoGoncalves@armyspy.com,1975-08-10,Campina Grande,PB,NORDESTE
124,124,Júlia Fernandes,Feminino,JuliaCardosoFernandes@armyspy.com,1976-01-16,Campinas,SP,SUDESTE
125,125,Martim Correia,Masculino,MartimCostaCorreia@rhyta.com,1966-07-03,Campinas,SP,SUDESTE
126,126,Samuel Azevedo,Masculino,SamuelOliveiraAzevedo@fleckens.hu,1963-01-18,Campinas,SP,SUDESTE
127,127,Isabela Azevedo,Feminino,IsabelaFernandesAzevedo@rhyta.com,1950-02-19,Campinas,SP,SUDESTE
128,128,Amanda Cavalcanti,Feminino,AmandaGomesCavalcanti@gustr.com,1949-03-14,Campinas,SP,SUDESTE
129,129,Alex Cardoso,Masculino,AlexRochaCardoso@gustr.com,1978-03-04,Campinas,SP,SUDESTE
130,130,Melissa Azevedo,Feminino,MelissaMeloAzevedo@fleckens.hu,1975-01-29,Campinas,SP,SUDESTE
131,131,Daniel Fernandes,Masculino,DanielAlmeidaFernandes@rhyta.com,1955-12-07,Campinas,SP,SUDESTE
132,132,Isabella Goncalves,Feminino,IsabellaAlmeidaGoncalves@einrot.com,1984-04-14,Campo Grande,MS,CENTRO-OESTE
133,133,Kauê Pereira,Masculino,KaueBarbosaPereira@teleworm.us,1947-12-26,Campo Grande,MS,CENTRO-OESTE
134,134,Renan Carvalho,Masculino,RenanSousaCarvalho@fleckens.hu,1992-02-07,Campo Grande,MS,CENTRO-OESTE
135,135,Leonardo Ferreira,Masculino,LeonardoCardosoFerreira@superrito.com,1949-05-22,Campo Grande,MS,CENTRO-OESTE
136,136,Gustavo Correia,Masculino,GustavoOliveiraCorreia@rhyta.com,1994-02-03,Campo Grande,MS,CENTRO-OESTE
137,137,Samuel Ribeiro,Masculino,SamuelRochaRibeiro@teleworm.us,1985-10-30,Campo Grande,MS,CENTRO-OESTE
138,138,Isabela Goncalves,Feminino,IsabelaAlmeidaGoncalves@superrito.com,1994-03-23,Campo Grande,MS,CENTRO-OESTE
139,139,Maria Rocha,Feminino,MariaAraujoRocha@cuvox.de,1979-05-08,Campo Grande,MS,CENTRO-OESTE
140,140,Kaua Santos,Masculino,KauaSilvaSantos@cuvox.de,1974-07-01,Campo Largo,PR,SUL
141,141,Vitoria Carvalho,Feminino,VitoriaCavalcantiCarvalho@rhyta.com,1948-09-07,Campo Limpo Paulista,SP,SUDESTE
142,142,Murilo Sousa,Masculino,MuriloCunhaSousa@gustr.com,1976-03-26,Campo Limpo Paulista,SP,SUDESTE
143,143,Samuel Azevedo,Masculino,SamuelMeloAzevedo@einrot.com,1969-03-30,Campos dos Goytacazes,RJ,SUDESTE
144,144,Tânia Martins,Feminino,TaniaDiasMartins@teleworm.us,1947-10-29,Canoas,RS,SUL
145,145,Fernanda Cunha,Feminino,FernandaDiasCunha@einrot.com,1970-09-09,Capão Bonito,SP,SUDESTE
146,146,Marina Pinto,Feminino,MarinaBarrosPinto@einrot.com,1982-10-29,Caraguatatuba,SP,SUDESTE
147,147,Leonor Santos,Feminino,LeonorSousaSantos@rhyta.com,1986-11-29,Caraguatatuba,SP,SUDESTE
148,148,Luis Pereira,Masculino,LuisDiasPereira@armyspy.com,1975-08-07,Caraguatatuba,SP,SUDESTE
149,149,Beatriz Rocha,Feminino,BeatrizRibeiroRocha@supermail.com,1946-09-06,Carapicuíba,SP,SUDESTE
150,150,Vinícius Almeida,Masculino,ViniciusMeloAlmeida@fleckens.hu,1955-11-27,Carapicuíba,SP,SUDESTE
151,151,Joao Ribeiro,Masculino,JoaoMartinsRibeiro@jourrapide.com,1991-08-18,Caratinga,MG,SUDESTE
152,152,Vitória Alves,Feminino,VitoriaAlmeidaAlves@armyspy.com,1947-09-05,Cariacica,ES,SUDESTE
153,153,Luís Martins,Masculino,LuisRibeiroMartins@teleworm.us,1981-01-13,Cariacica,ES,SUDESTE
154,154,Beatriz Lima,Feminino,BeatrizSouzaLima@rhyta.com,1959-10-06,Cariacica,ES,SUDESTE
155,155,Samuel Ribeiro,Masculino,SamuelAlvesRibeiro@jourrapide.com,1975-02-23,Cariacica,ES,SUDESTE
156,156,Ryan Alves,Masculino,RyanGomesAlves@fleckens.hu,1995-02-19,Cariacica,ES,SUDESTE
157,157,Maria Oliveira,Feminino,MariaDiasOliveira@teleworm.us,1945-02-14,Carpina,PE,NORDESTE
158,158,André Sousa,Masculino,AndreDiasSousa@rhyta.com,1985-11-17,Cascavel,PR,SUL
159,159,Júlia Costa,Feminino,JuliaAlvesCosta@cuvox.de,1968-07-02,Castro,PR,SUL
160,160,Enzo Dias,Masculino,EnzoGoncalvesDias@jourrapide.com,1952-07-31,Castro,PR,SUL
161,161,Amanda Melo,Feminino,AmandaAlmeidaMelo@armyspy.com,1958-12-11,Cataguases,MG,SUDESTE
162,162,Murilo Dias,Masculino,MuriloCunhaDias@teleworm.us,1994-06-15,Cataguases,MG,SUDESTE
163,163,Gabriel Almeida,Masculino,GabrielBarbosaAlmeida@armyspy.com,1947-03-30,Catalão,GO,CENTRO-OESTE
164,164,Vinícius Oliveira,Masculino,ViniciusBarbosaOliveira@fleckens.hu,1976-09-07,Catanduva,SP,SUDESTE
165,165,Felipe Costa,Masculino,FelipeAlvesCosta@armyspy.com,1975-11-28,Catanduva,SP,SUDESTE
166,166,Bruno Almeida,Masculino,BrunoGomesAlmeida@rhyta.com,1989-08-26,Caxias,MA,NORDESTE
167,167,Nicole Rodrigues,Feminino,NicoleMartinsRodrigues@rhyta.com,1953-08-16,Caxias do Sul,RS,SUL
168,168,Miguel Ribeiro,Masculino,MiguelGoncalvesRibeiro@jourrapide.com,1989-03-09,Caxias do Sul,RS,SUL
169,169,Carolina Cardoso,Feminino,CarolinaMeloCardoso@supermail.com,1983-10-25,Ceilândia,DF,CENTRO-OESTE
170,170,Kai Correia,Masculino,KaiSouzaCorreia@rhyta.com,1958-09-27,Ceilândia,DF,CENTRO-OESTE
171,171,Beatriz Correia,Feminino,BeatrizOliveiraCorreia@teleworm.us,1967-08-19,Ceilândia,DF,CENTRO-OESTE
172,172,Carlos Azevedo,Masculino,CarlosCostaAzevedo@supermail.com,1966-09-22,Ceilândia,DF,CENTRO-OESTE
173,173,Douglas Barros,Masculino,DouglasRibeiroBarros@rhyta.com,1974-06-23,Ceilândia,DF,CENTRO-OESTE
174,174,Gabrielle Correia,Feminino,GabrielleCavalcantiCorreia@cuvox.de,1994-05-13,Ceilândia,DF,CENTRO-OESTE
175,175,Vitór Araujo,Masculino,VitorGomesAraujo@supermail.com,1956-08-08,Ceilândia,DF,CENTRO-OESTE
176,176,Lara Melo,Feminino,LaraSouzaMelo@cuvox.de,1973-05-08,Ceilândia,DF,CENTRO-OESTE
177,177,Rodrigo Cavalcanti,Masculino,RodrigoBarrosCavalcanti@jourrapide.com,1959-01-23,Colatina,ES,SUDESTE
178,178,Caio Almeida,Masculino,CaioPereiraAlmeida@teleworm.us,1984-04-11,Colatina,ES,SUDESTE
179,179,Igor Sousa,Masculino,IgorDiasSousa@armyspy.com,1990-05-18,Colombo,PR,SUL
180,180,Clara Correia,Feminino,ClaraBarbosaCorreia@fleckens.hu,1967-09-21,Colombo,PR,SUL
181,181,Amanda Fernandes,Feminino,AmandaCunhaFernandes@rhyta.com,1992-09-15,Contagem,MG,SUDESTE
182,182,Victor Cardoso,Masculino,VictorFerreiraCardoso@armyspy.com,1970-12-25,Contagem,MG,SUDESTE
183,183,Carlos Cunha,Masculino,CarlosCorreiaCunha@gustr.com,1946-04-14,Contagem,MG,SUDESTE
184,184,Danilo Santos,Masculino,DaniloCardosoSantos@jourrapide.com,1983-09-11,Contagem,MG,SUDESTE
185,185,Bianca Correia,Feminino,BiancaSouzaCorreia@einrot.com,1980-03-12,Contagem,MG,SUDESTE
186,186,Felipe Barbosa,Masculino,FelipeSousaBarbosa@armyspy.com,1982-10-28,Coronel Fabriciano,MG,SUDESTE
187,187,Livia Pinto,Feminino,LiviaCastroPinto@fleckens.hu,1948-03-09,Coronel Fabriciano,MG,SUDESTE
188,188,Eduarda Dias,Feminino,EduardaRodriguesDias@cuvox.de,1982-08-31,Corumbá,MS,CENTRO-OESTE
189,189,Gustavo Silva,Masculino,GustavoFerreiraSilva@teleworm.us,1989-10-17,Corumbá,MS,CENTRO-OESTE
190,190,Júlia Goncalves,Feminino,JuliaSilvaGoncalves@rhyta.com,1985-07-07,Cotia,SP,SUDESTE
191,191,Rafael Almeida,Masculino,RafaelRochaAlmeida@rhyta.com,1974-11-26,Cotia,SP,SUDESTE
192,192,Julieta Melo,Feminino,JulietaCunhaMelo@supermail.com,1967-09-25,Cotia,SP,SUDESTE
193,193,Kauã Rodrigues,Masculino,KauaOliveiraRodrigues@cuvox.de,1990-03-31,Cotia,SP,SUDESTE
194,194,Isabela Costa,Feminino,IsabelaMartinsCosta@teleworm.us,1952-08-24,Criciúma,SC,SUL
195,195,Thaís Barros,Feminino,ThaisFerreiraBarros@cuvox.de,1986-12-30,Criciúma,SC,SUL
196,196,Julieta Martins,Feminino,JulietaDiasMartins@supermail.com,1957-02-27,Criciúma,SC,SUL
197,197,Livia Rocha,Feminino,LiviaPintoRocha@superrito.com,1964-07-19,Criciúma,SC,SUL
198,198,Tânia Lima,Feminino,TaniaCunhaLima@einrot.com,1992-12-17,Criciúma,SC,SUL
199,199,Joao Martins,Masculino,JoaoCavalcantiMartins@einrot.com,1952-04-12,Cruzeiro,DF,CENTRO-OESTE
200,200,Eduardo Carvalho,Masculino,EduardoBarbosaCarvalho@armyspy.com,1944-07-09,Cruzeiro,DF,CENTRO-OESTE
201,201,Lucas Almeida,Masculino,LucasLimaAlmeida@superrito.com,1948-03-30,Cruzeiro,SP,SUDESTE
202,202,Júlia Lima,Feminino,JuliaCarvalhoLima@cuvox.de,1962-03-13,Cruzeiro,DF,CENTRO-OESTE
203,203,Pedro Azevedo,Masculino,PedroFerreiraAzevedo@armyspy.com,1960-03-24,Cruzeiro,SP,SUDESTE
204,204,Antônio Fernandes,Masculino,AntonioSantosFernandes@jourrapide.com,1955-07-24,Cubatão,SP,SUDESTE
205,205,Giovana Gomes,Feminino,GiovanaBarrosGomes@einrot.com,1980-10-04,Cuiabá,MT,CENTRO-OESTE
206,206,Raissa Cunha,Feminino,RaissaAlvesCunha@cuvox.de,1958-01-16,Cuiabá,MT,CENTRO-OESTE
207,207,Matilde Barbosa,Feminino,MatildePereiraBarbosa@einrot.com,1984-09-26,Cuiabá,MT,CENTRO-OESTE
208,208,Gabriela Cunha,Feminino,GabrielaCavalcantiCunha@superrito.com,1949-07-18,Cuiabá,MT,CENTRO-OESTE
209,209,Julia Costa,Feminino,JuliaFerreiraCosta@supermail.com,1984-09-15,Cuiabá,MT,CENTRO-OESTE
210,210,Ryan Barros,Masculino,RyanAraujoBarros@cuvox.de,1987-04-06,Cuiabá,MT,CENTRO-OESTE
211,211,Rodrigo Pereira,Masculino,RodrigoCardosoPereira@einrot.com,1960-03-24,Cuiabá,MT,CENTRO-OESTE
212,212,Julia Rodrigues,Feminino,JuliaGoncalvesRodrigues@fleckens.hu,1965-05-11,Cuiabá,MT,CENTRO-OESTE
213,213,Kauã Alves,Masculino,KauaCostaAlves@supermail.com,1985-05-22,Curitiba,PR,SUL
214,214,Marina Cunha,Feminino,MarinaDiasCunha@jourrapide.com,1946-04-24,Curitiba,PR,SUL
215,215,Davi Pereira,Masculino,DaviCorreiaPereira@jourrapide.com,1982-06-07,Curitiba,PR,SUL
216,216,Sarah Almeida,Feminino,SarahSantosAlmeida@gustr.com,1980-08-22,Curitiba,PR,SUL
217,217,Lucas Gomes,Masculino,LucasDiasGomes@armyspy.com,1988-05-05,Curitiba,PR,SUL
218,218,Thaís Santos,Feminino,ThaisMeloSantos@gustr.com,1954-03-14,Curitiba,PR,SUL
219,219,Lucas Pereira,Masculino,LucasPintoPereira@teleworm.us,1950-09-10,Curitiba,PR,SUL
220,220,Bruno Dias,Masculino,BrunoBarbosaDias@gustr.com,1946-05-31,Curitiba,PR,SUL
221,221,Gabrielly Martins,Feminino,GabriellyOliveiraMartins@cuvox.de,1964-10-18,Curitiba,PR,SUL
222,222,Laura Azevedo,Feminino,LauraFerreiraAzevedo@einrot.com,1963-06-02,Curitiba,PR,SUL
223,223,Kauê Barbosa,Masculino,KaueSousaBarbosa@jourrapide.com,1990-03-08,Curitiba,PR,SUL
224,224,Marisa Costa,Feminino,MarisaSousaCosta@fleckens.hu,1977-01-26,Curitiba,PR,SUL
225,225,Emilly Sousa,Feminino,EmillyAzevedoSousa@armyspy.com,1978-10-15,Curitiba,PR,SUL
226,226,Danilo Alves,Masculino,DaniloCavalcantiAlves@rhyta.com,1972-05-16,Curitiba,PR,SUL
227,227,Rodrigo Ferreira,Masculino,RodrigoGoncalvesFerreira@rhyta.com,1975-05-07,Curitiba,PR,SUL
228,228,Sofia Rocha,Feminino,SofiaCastroRocha@teleworm.us,1956-01-02,Diadema,SP,SUDESTE
229,229,Clara Cavalcanti,Feminino,ClaraBarrosCavalcanti@cuvox.de,1968-08-08,Diadema,SP,SUDESTE
230,230,Gustavo Castro,Masculino,GustavoPintoCastro@einrot.com,1961-11-14,Divinópolis,MG,SUDESTE
231,231,Sophia Correia,Feminino,SophiaRochaCorreia@teleworm.us,1994-01-22,Divinópolis,MG,SUDESTE
232,232,Manuela Melo,Feminino,ManuelaCostaMelo@einrot.com,1952-04-28,Divinópolis,MG,SUDESTE
233,233,Anna Lima,Feminino,AnnaCardosoLima@cuvox.de,1955-02-28,Dourados,MS,CENTRO-OESTE
234,234,Emilly Barbosa,Feminino,EmillyOliveiraBarbosa@gustr.com,1947-12-18,Dourados,MS,CENTRO-OESTE
235,235,André Silva,Masculino,AndreSantosSilva@cuvox.de,1978-11-11,Duque de Caxias,RJ,SUDESTE
236,236,Camila Cunha,Feminino,CamilaCavalcantiCunha@einrot.com,1982-12-22,Duque de Caxias,RJ,SUDESTE
237,237,Lavinia Gomes,Feminino,LaviniaCardosoGomes@einrot.com,1976-11-23,Duque de Caxias,RJ,SUDESTE
238,238,Vitoria Ribeiro,Feminino,VitoriaSantosRibeiro@cuvox.de,1946-09-09,Duque de Caxias,RJ,SUDESTE
239,239,Otávio Almeida,Masculino,OtavioCunhaAlmeida@rhyta.com,1987-09-04,Duque de Caxias,RJ,SUDESTE
240,240,Fernanda Rocha,Feminino,FernandaAlmeidaRocha@cuvox.de,1988-04-06,Embu,SP,SUDESTE
241,241,Ryan Gomes,Masculino,RyanRochaGomes@gustr.com,1961-07-19,Embu,SP,SUDESTE
242,242,Caio Lima,Masculino,CaioAzevedoLima@armyspy.com,1951-05-24,Eunápolis,BA,NORDESTE
243,243,Laura Cavalcanti,Feminino,LauraPereiraCavalcanti@armyspy.com,1944-05-29,Feira de Santana,BA,NORDESTE
244,244,Estevan Carvalho,Masculino,EstevanMartinsCarvalho@cuvox.de,1960-09-17,Feira de Santana,BA,NORDESTE
245,245,Luana Martins,Feminino,LuanaBarbosaMartins@gustr.com,1965-03-10,Feira de Santana,BA,NORDESTE
246,246,Emily Rodrigues,Feminino,EmilyMartinsRodrigues@fleckens.hu,1964-05-19,Feira de Santana,BA,NORDESTE
247,247,Luis Carvalho,Masculino,LuisCostaCarvalho@einrot.com,1947-02-24,Ferraz de Vasconcelos,SP,SUDESTE
248,248,Cauã Azevedo,Masculino,CauaSousaAzevedo@einrot.com,1977-05-20,Ferraz de Vasconcelos,SP,SUDESTE
249,249,Clara Cardoso,Feminino,ClaraRochaCardoso@fleckens.hu,1966-02-05,Ferraz de Vasconcelos,SP,SUDESTE
250,250,Isabelle Barbosa,Feminino,IsabelleCunhaBarbosa@superrito.com,1967-04-08,Florianópolis,SC,SUL
251,251,Mateus Barbosa,Masculino,MateusAlvesBarbosa@fleckens.hu,1965-01-19,Florianópolis,SC,SUL
252,252,Kauã Melo,Masculino,KauaCarvalhoMelo@cuvox.de,1961-08-13,Florianópolis,SC,SUL
253,253,Leila Goncalves,Feminino,LeilaBarrosGoncalves@fleckens.hu,1993-03-27,Florianópolis,SC,SUL
254,254,Julian Cunha,Masculino,JulianFerreiraCunha@jourrapide.com,1953-01-26,Florianópolis,SC,SUL
255,255,Lara Alves,Feminino,LaraPereiraAlves@gustr.com,1974-12-18,Formosa,GO,CENTRO-OESTE
256,256,Bianca Rocha,Feminino,BiancaPereiraRocha@fleckens.hu,1943-08-04,Fortaleza,CE,NORDESTE
257,257,Bruno Costa,Masculino,BrunoCunhaCosta@cuvox.de,1965-04-17,Fortaleza,CE,NORDESTE
258,258,Júlio Cunha,Masculino,JulioCostaCunha@rhyta.com,1970-05-20,Fortaleza,CE,NORDESTE
259,259,Sophia Almeida,Feminino,SophiaCardosoAlmeida@fleckens.hu,1988-03-14,Fortaleza,CE,NORDESTE
260,260,Julia Pinto,Feminino,JuliaPereiraPinto@fleckens.hu,1967-09-23,Fortaleza,CE,NORDESTE
261,261,Camila Carvalho,Feminino,CamilaOliveiraCarvalho@supermail.com,1972-02-02,Fortaleza,CE,NORDESTE
262,262,Diogo Lima,Masculino,DiogoRodriguesLima@gustr.com,1952-01-26,Fortaleza,CE,NORDESTE
263,263,Giovana Silva,Feminino,GiovanaCorreiaSilva@fleckens.hu,1989-10-15,Fortaleza,CE,NORDESTE
264,264,Caio Correia,Masculino,CaioAraujoCorreia@gustr.com,1974-03-30,Fortaleza,CE,NORDESTE
265,265,Lucas Melo,Masculino,LucasCardosoMelo@teleworm.us,1986-04-14,Fortaleza,CE,NORDESTE
266,266,Guilherme Costa,Masculino,GuilhermeFernandesCosta@jourrapide.com,1959-05-22,Fortaleza,CE,NORDESTE
267,267,Carlos Barros,Masculino,CarlosAzevedoBarros@jourrapide.com,1947-10-29,Fortaleza,CE,NORDESTE
268,268,Lavinia Azevedo,Feminino,LaviniaAlmeidaAzevedo@cuvox.de,1985-10-18,Fortaleza,CE,NORDESTE
269,269,Kauan Azevedo,Masculino,KauanBarrosAzevedo@armyspy.com,1969-11-11,Fortaleza,CE,NORDESTE
270,270,Vinicius Ferreira,Masculino,ViniciusCunhaFerreira@gustr.com,1992-07-29,Fortaleza,CE,NORDESTE
271,271,Thaís Azevedo,Feminino,ThaisBarrosAzevedo@fleckens.hu,1994-03-13,Fortaleza,CE,NORDESTE
272,272,Gabriela Pinto,Feminino,GabrielaAlvesPinto@cuvox.de,1951-02-13,Fortaleza,CE,NORDESTE
273,273,Vinicius Souza,Masculino,ViniciusGoncalvesSouza@gustr.com,1983-06-17,Fortaleza,CE,NORDESTE
274,274,Vinícius Fernandes,Masculino,ViniciusAzevedoFernandes@cuvox.de,1979-11-01,Fortaleza,CE,NORDESTE
275,275,Isabella Cunha,Feminino,IsabellaCarvalhoCunha@superrito.com,1977-07-06,Fortaleza,CE,NORDESTE
276,276,Ana Santos,Feminino,AnaDiasSantos@rhyta.com,1963-03-18,Fortaleza,CE,NORDESTE
277,277,Carolina Rodrigues,Feminino,CarolinaOliveiraRodrigues@armyspy.com,1976-01-22,Fortaleza,CE,NORDESTE
278,278,Nicole Martins,Feminino,NicoleCostaMartins@gustr.com,1952-06-19,Foz do Iguaçu,PR,SUL
279,279,Emilly Santos,Feminino,EmillyCostaSantos@gustr.com,1983-07-31,Foz do Iguaçu,PR,SUL
280,280,Luís Santos,Masculino,LuisCorreiaSantos@armyspy.com,1956-12-30,Foz do Iguaçu,PR,SUL
281,281,Martim Barros,Masculino,MartimRodriguesBarros@einrot.com,1981-09-19,Foz do Iguaçu,PR,SUL
282,282,Victor Correia,Masculino,VictorSilvaCorreia@jourrapide.com,1987-09-10,Franca,SP,SUDESTE
283,283,Thiago Cavalcanti,Masculino,ThiagoRodriguesCavalcanti@fleckens.hu,1991-04-12,Franca,SP,SUDESTE
284,284,Carlos Rocha,Masculino,CarlosGomesRocha@supermail.com,1994-10-16,Franca,SP,SUDESTE
285,285,Kai Costa,Masculino,KaiRibeiroCosta@supermail.com,1947-01-15,Franca,SP,SUDESTE
286,286,Evelyn Souza,Feminino,EvelynRodriguesSouza@armyspy.com,1972-12-02,Franca,SP,SUDESTE
287,287,Ágatha Oliveira,Feminino,AgathaCorreiaOliveira@jourrapide.com,1953-02-04,Francisco Beltrão,PR,SUL
288,288,Julieta Cardoso,Feminino,JulietaRochaCardoso@armyspy.com,1969-06-22,Francisco Beltrão,PR,SUL
289,289,Alex Barbosa,Masculino,AlexSilvaBarbosa@supermail.com,1977-04-12,Francisco Morato,SP,SUDESTE
290,290,Julian Carvalho,Masculino,JulianSousaCarvalho@supermail.com,1987-04-12,Franco da Rocha,SP,SUDESTE
291,291,Daniel Lima,Masculino,DanielPereiraLima@jourrapide.com,1951-09-06,Franco da Rocha,SP,SUDESTE
292,292,Renan Goncalves,Masculino,RenanRibeiroGoncalves@rhyta.com,1977-01-12,Franco da Rocha,SP,SUDESTE
293,293,Vitor Lima,Masculino,VitorMeloLima@supermail.com,1984-04-14,Gama,DF,CENTRO-OESTE
294,294,Tânia Santos,Feminino,TaniaFerreiraSantos@einrot.com,1954-05-15,Gama,DF,CENTRO-OESTE
295,295,Isabella Gomes,Feminino,IsabellaLimaGomes@jourrapide.com,1965-01-01,Gama,DF,CENTRO-OESTE
296,296,Diogo Fernandes,Masculino,DiogoCastroFernandes@armyspy.com,1987-02-01,Goiânia,GO,CENTRO-OESTE
297,297,Rebeca Carvalho,Feminino,RebecaPintoCarvalho@supermail.com,1969-08-04,Goiânia,GO,CENTRO-OESTE
298,298,Giovanna Correia,Feminino,GiovannaCostaCorreia@armyspy.com,1948-09-11,Goiânia,GO,CENTRO-OESTE
299,299,Diogo Gomes,Masculino,DiogoMartinsGomes@superrito.com,1976-01-05,Goiânia,GO,CENTRO-OESTE
300,300,Nicole Castro,Feminino,NicoleLimaCastro@einrot.com,1969-11-19,Goiânia,GO,CENTRO-OESTE
301,301,Alice Almeida,Feminino,AliceCavalcantiAlmeida@gustr.com,1991-05-18,Goiânia,GO,CENTRO-OESTE
302,302,Vitór Sousa,Masculino,VitorGoncalvesSousa@cuvox.de,1966-02-28,Goiânia,GO,CENTRO-OESTE
303,303,Eduardo Rocha,Masculino,EduardoCardosoRocha@armyspy.com,1975-03-15,Goiânia,GO,CENTRO-OESTE
304,304,Emilly Souza,Feminino,EmillyCunhaSouza@gustr.com,1984-12-13,Goiânia,GO,CENTRO-OESTE
305,305,Eduardo Ferreira,Masculino,EduardoDiasFerreira@einrot.com,1974-04-09,Goiânia,GO,CENTRO-OESTE
306,306,Samuel Correia,Masculino,SamuelRochaCorreia@superrito.com,1958-01-19,Goiânia,GO,CENTRO-OESTE
307,307,Arthur Martins,Masculino,ArthurFerreiraMartins@gustr.com,1993-04-23,Goiânia,GO,CENTRO-OESTE
308,308,Martim Cunha,Masculino,MartimAlvesCunha@cuvox.de,1947-01-13,Goiânia,GO,CENTRO-OESTE
309,309,Gabrielle Cavalcanti,Feminino,GabrielleFernandesCavalcanti@einrot.com,1971-03-07,Goiânia,GO,CENTRO-OESTE
310,310,Igor Oliveira,Masculino,IgorRochaOliveira@jourrapide.com,1992-07-24,Goiânia,GO,CENTRO-OESTE
311,311,Igor Castro,Masculino,IgorMeloCastro@fleckens.hu,1958-10-19,Goiânia,GO,CENTRO-OESTE
312,312,Beatriz Lima,Feminino,BeatrizSouzaLima@gustr.com,1980-02-23,Goiânia,GO,CENTRO-OESTE
313,313,Tiago Ferreira,Masculino,TiagoRibeiroFerreira@teleworm.us,1962-03-27,Goiânia,GO,CENTRO-OESTE
314,314,Sofia Araujo,Feminino,SofiaOliveiraAraujo@fleckens.hu,1958-11-30,Goiânia,GO,CENTRO-OESTE
315,315,Raissa Costa,Feminino,RaissaFerreiraCosta@superrito.com,1962-03-04,Goiânia,GO,CENTRO-OESTE
316,316,Laura Castro,Feminino,LauraCorreiaCastro@einrot.com,1983-08-21,Goiânia,GO,CENTRO-OESTE
317,317,Marisa Oliveira,Feminino,MarisaBarrosOliveira@fleckens.hu,1981-10-11,Goiânia,GO,CENTRO-OESTE
318,318,Samuel Rodrigues,Masculino,SamuelAraujoRodrigues@einrot.com,1980-04-15,Goiânia,GO,CENTRO-OESTE
319,319,Renan Gomes,Masculino,RenanMartinsGomes@superrito.com,1949-11-22,Goiânia,GO,CENTRO-OESTE
320,320,Thiago Pereira,Masculino,ThiagoCastroPereira@superrito.com,1953-12-24,Goiânia,GO,CENTRO-OESTE
321,321,Arthur Cavalcanti,Masculino,ArthurBarrosCavalcanti@einrot.com,1954-08-30,Goiânia,GO,CENTRO-OESTE
322,322,Luiza Melo,Feminino,LuizaCunhaMelo@einrot.com,1944-12-13,Goiânia,GO,CENTRO-OESTE
323,323,Estevan Castro,Masculino,EstevanSantosCastro@rhyta.com,1967-05-09,Governador Valadares,MG,SUDESTE
324,324,Camila Rodrigues,Feminino,CamilaCarvalhoRodrigues@fleckens.hu,1946-08-14,Gravatá,PE,NORDESTE
325,325,Luis Dias,Masculino,LuisPintoDias@supermail.com,1952-11-23,Gravataí,RS,SUL
326,326,Lucas Pinto,Masculino,LucasCastroPinto@rhyta.com,1986-07-03,Gravataí,RS,SUL
327,327,Luiza Martins,Feminino,LuizaRibeiroMartins@rhyta.com,1984-12-01,Gravataí,RS,SUL
328,328,Igor Costa,Masculino,IgorLimaCosta@armyspy.com,1958-12-24,Gravataí,RS,SUL
329,329,José Carvalho,Masculino,JoseAzevedoCarvalho@fleckens.hu,1976-05-08,Guará,DF,CENTRO-OESTE
330,330,Caio Sousa,Masculino,CaioSouzaSousa@jourrapide.com,1945-04-03,Guará,DF,CENTRO-OESTE
331,331,João Almeida,Masculino,JoaoCarvalhoAlmeida@jourrapide.com,1990-08-31,Guarapari,ES,SUDESTE
332,332,Mariana Cavalcanti,Feminino,MarianaPereiraCavalcanti@supermail.com,1972-04-23,Guarapuava,PR,SUL
333,333,Ágatha Castro,Feminino,AgathaPintoCastro@fleckens.hu,1991-02-08,Guaratinguetá,SP,SUDESTE
334,334,Felipe Oliveira,Masculino,FelipeFerreiraOliveira@supermail.com,1976-10-14,Guarujá,SP,SUDESTE
335,335,Marina Barros,Feminino,MarinaFernandesBarros@rhyta.com,1992-11-15,Guarulhos,SP,SUDESTE
336,336,Miguel Cardoso,Masculino,MiguelCastroCardoso@einrot.com,1945-10-26,Guarulhos,SP,SUDESTE
337,337,José Araujo,Masculino,JoseRodriguesAraujo@superrito.com,1951-02-23,Guarulhos,SP,SUDESTE
338,338,Paulo Cavalcanti,Masculino,PauloSilvaCavalcanti@supermail.com,1974-06-22,Guarulhos,SP,SUDESTE
339,339,Leila Castro,Feminino,LeilaAlmeidaCastro@teleworm.us,1955-11-08,Guarulhos,SP,SUDESTE
340,340,Isabelle Cunha,Feminino,IsabelleBarrosCunha@armyspy.com,1946-09-10,Guarulhos,SP,SUDESTE
341,341,Clara Almeida,Feminino,ClaraCorreiaAlmeida@cuvox.de,1946-05-08,Guarulhos,SP,SUDESTE
342,342,Júlio Pinto,Masculino,JulioAraujoPinto@teleworm.us,1978-08-23,Guarulhos,SP,SUDESTE
343,343,Fernanda Araujo,Feminino,FernandaPintoAraujo@teleworm.us,1984-01-05,Guarulhos,SP,SUDESTE
344,344,Davi Pereira,Masculino,DaviGoncalvesPereira@rhyta.com,1960-06-07,Guarulhos,SP,SUDESTE
345,345,Isabela Correia,Feminino,IsabelaRibeiroCorreia@cuvox.de,1978-02-28,Guarulhos,SP,SUDESTE
346,346,Vitor Correia,Masculino,VitorDiasCorreia@teleworm.us,1965-03-30,Gurupi,TO,NORTE
347,347,Tomás Fernandes,Masculino,TomasAzevedoFernandes@teleworm.us,1963-03-28,Hortolândia,SP,SUDESTE
348,348,Kaua Goncalves,Masculino,KauaFernandesGoncalves@superrito.com,1953-08-01,Igarassu,PE,NORDESTE
349,349,Eduardo Sousa,Masculino,EduardoRodriguesSousa@rhyta.com,1981-11-22,Igarassu,PE,NORDESTE
350,350,Bruna Castro,Feminino,BrunaFerreiraCastro@supermail.com,1977-06-16,Igarassu,PE,NORDESTE
351,351,João Pereira,Masculino,JoaoBarbosaPereira@gustr.com,1943-07-02,Imperatriz,MA,NORDESTE
352,352,Rebeca Cardoso,Feminino,RebecaLimaCardoso@supermail.com,1975-05-16,Ipatinga,MG,SUDESTE
353,353,Thaís Goncalves,Feminino,ThaisBarbosaGoncalves@supermail.com,1959-07-02,Ipatinga,MG,SUDESTE
354,354,Nicolas Azevedo,Masculino,NicolasRibeiroAzevedo@rhyta.com,1965-08-05,Ipatinga,MG,SUDESTE
355,355,Emily Cunha,Feminino,EmilyAlmeidaCunha@einrot.com,1982-10-14,Itabira,MG,SUDESTE
356,356,Evelyn Almeida,Feminino,EvelynAzevedoAlmeida@jourrapide.com,1989-03-28,Itabira,MG,SUDESTE
357,357,Emily Fernandes,Feminino,EmilyAraujoFernandes@armyspy.com,1960-08-26,Itabira,MG,SUDESTE
358,358,Renan Barros,Masculino,RenanOliveiraBarros@superrito.com,1981-10-31,Itabira,MG,SUDESTE
359,359,Manuela Fernandes,Feminino,ManuelaCarvalhoFernandes@rhyta.com,1976-08-28,Itabira,MG,SUDESTE
360,360,Leila Rodrigues,Feminino,LeilaCavalcantiRodrigues@armyspy.com,1986-10-14,Itabuna,BA,NORDESTE
361,361,José Ribeiro,Masculino,JoseCostaRibeiro@teleworm.us,1976-07-30,Itabuna,BA,NORDESTE
362,362,Giovanna Oliveira,Feminino,GiovannaMeloOliveira@jourrapide.com,1980-12-26,Itaituba,PA,NORTE
363,363,Melissa Dias,Feminino,MelissaCunhaDias@armyspy.com,1994-02-02,Itajaí,SC,SUL
364,364,Raissa Alves,Feminino,RaissaOliveiraAlves@gustr.com,1980-09-29,Itajubá,MG,SUDESTE
365,365,Diego Gomes,Masculino,DiegoSantosGomes@armyspy.com,1949-12-09,Itapecerica da Serra,SP,SUDESTE
366,366,Luan Oliveira,Masculino,LuanCarvalhoOliveira@cuvox.de,1985-05-12,Itapecerica da Serra,SP,SUDESTE
367,367,Caio Pereira,Masculino,CaioSousaPereira@rhyta.com,1982-07-01,Itapecerica da Serra,SP,SUDESTE
368,368,Marina Pereira,Feminino,MarinaPintoPereira@jourrapide.com,1977-06-21,Itapecerica da Serra,SP,SUDESTE
369,369,Carla Silva,Feminino,CarlaAraujoSilva@rhyta.com,1972-03-04,Itapetininga,SP,SUDESTE
370,370,Bianca Araujo,Feminino,BiancaRodriguesAraujo@einrot.com,1988-01-05,Itapeva,SP,SUDESTE
371,371,Vinicius Barros,Masculino,ViniciusSousaBarros@gustr.com,1958-05-30,Itapevi,SP,SUDESTE
372,372,Beatriz Souza,Feminino,BeatrizCavalcantiSouza@armyspy.com,1985-09-04,Itapevi,SP,SUDESTE
373,373,Ágatha Barbosa,Feminino,AgathaLimaBarbosa@superrito.com,1984-10-12,Itapira,SP,SUDESTE
374,374,Júlia Ribeiro,Feminino,JuliaRochaRibeiro@superrito.com,1972-10-28,Itaquaquecetuba,SP,SUDESTE
375,375,Brenda Oliveira,Feminino,BrendaBarbosaOliveira@fleckens.hu,1969-01-11,Itaquaquecetuba,SP,SUDESTE
376,376,Arthur Araujo,Masculino,ArthurMeloAraujo@cuvox.de,1979-11-05,Itatiba,SP,SUDESTE
377,377,Kauã Castro,Masculino,KauaSantosCastro@fleckens.hu,1966-01-29,Itatiba,SP,SUDESTE
378,378,Vitor Fernandes,Masculino,VitorFerreiraFernandes@teleworm.us,1982-08-21,Itatiba,SP,SUDESTE
379,379,Caio Rocha,Masculino,CaioAzevedoRocha@einrot.com,1980-08-04,Itaúna,MG,SUDESTE
380,380,Emily Lima,Feminino,EmilyCorreiaLima@cuvox.de,1981-10-16,Itaúna,MG,SUDESTE
381,381,André Martins,Masculino,AndreAraujoMartins@supermail.com,1954-12-31,Itu,SP,SUDESTE
382,382,Julieta Rodrigues,Feminino,JulietaAraujoRodrigues@teleworm.us,1963-08-29,Itu,SP,SUDESTE
383,383,Isabelle Pinto,Feminino,IsabelleGomesPinto@armyspy.com,1983-07-07,Itu,SP,SUDESTE
384,384,Felipe Araujo,Masculino,FelipePintoAraujo@teleworm.us,1972-03-26,Ituiutaba,MG,SUDESTE
385,385,Mateus Ribeiro,Masculino,MateusGomesRibeiro@armyspy.com,1973-07-28,Ituiutaba,MG,SUDESTE
386,386,Fábio Martins,Masculino,FabioBarrosMartins@teleworm.us,1959-07-18,Itumbiara,GO,CENTRO-OESTE
387,387,Rebeca Ferreira,Feminino,RebecaMeloFerreira@jourrapide.com,1984-06-24,Jaboatão dos Guararapes,PE,NORDESTE
388,388,Felipe Carvalho,Masculino,FelipePereiraCarvalho@fleckens.hu,1954-03-23,Jaboatão dos Guararapes,PE,NORDESTE
389,389,Rodrigo Castro,Masculino,RodrigoCostaCastro@einrot.com,1989-01-17,Jaboatão dos Guararapes,PE,NORDESTE
390,390,Tiago Cavalcanti,Masculino,TiagoLimaCavalcanti@teleworm.us,1959-04-18,Jaboatão dos Guararapes,PE,NORDESTE
391,391,Letícia Correia,Feminino,LeticiaOliveiraCorreia@fleckens.hu,1956-10-05,Jaboatão dos Guararapes,PE,NORDESTE
392,392,Diego Ribeiro,Masculino,DiegoCardosoRibeiro@jourrapide.com,1987-09-05,Jaboatão dos Guararapes,PE,NORDESTE
393,393,Julian Gomes,Masculino,JulianSousaGomes@superrito.com,1992-04-13,Jaboatão dos Guararapes,PE,NORDESTE
394,394,Kaua Ferreira,Masculino,KauaSousaFerreira@einrot.com,1980-07-20,Jaboatão dos Guararapes,PE,NORDESTE
395,395,Beatriz Souza,Feminino,BeatrizCostaSouza@cuvox.de,1950-08-14,Jaboatão dos Guararapes,PE,NORDESTE
396,396,Guilherme Oliveira,Masculino,GuilhermeAraujoOliveira@rhyta.com,1987-03-24,Jaboatão dos Guararapes,PE,NORDESTE
397,397,Enzo Cavalcanti,Masculino,EnzoLimaCavalcanti@gustr.com,1957-02-26,Jaboatão dos Guararapes,PE,NORDESTE
398,398,Cauã Sousa,Masculino,CauaCastroSousa@supermail.com,1986-06-28,Jacareí,SP,SUDESTE
399,399,Bianca Almeida,Feminino,BiancaSantosAlmeida@rhyta.com,1983-06-15,Jacareí,SP,SUDESTE
400,400,Isabella Silva,Feminino,IsabellaOliveiraSilva@jourrapide.com,1964-04-10,Jacareí,SP,SUDESTE
401,401,Beatrice Martins,Feminino,BeatriceCavalcantiMartins@gustr.com,1972-01-21,Jacareí,SP,SUDESTE
402,402,Emilly Carvalho,Feminino,EmillyMartinsCarvalho@rhyta.com,1963-04-02,Japeri,RJ,SUDESTE
403,403,Matheus Melo,Masculino,MatheusSilvaMelo@teleworm.us,1991-09-21,Japeri,RJ,SUDESTE
404,404,Ágatha Martins,Feminino,AgathaAzevedoMartins@cuvox.de,1985-03-01,Jaraguá do Sul,SC,SUL
405,405,Joao Fernandes,Masculino,JoaoBarrosFernandes@teleworm.us,1943-12-27,Jaraguá do Sul,SC,SUL
406,406,Luiz Sousa,Masculino,LuizMartinsSousa@einrot.com,1959-04-18,Jaraguá do Sul,SC,SUL
407,407,Joao Almeida,Masculino,JoaoLimaAlmeida@armyspy.com,1947-09-10,Jataí,GO,CENTRO-OESTE
408,408,Luiz Costa,Masculino,LuizRibeiroCosta@teleworm.us,1992-12-30,Ji-Paraná,RO,NORTE
409,409,Vinícius Cavalcanti,Masculino,ViniciusBarrosCavalcanti@jourrapide.com,1979-02-20,Ji-Paraná,RO,NORTE
410,410,Luís Araujo,Masculino,LuisCarvalhoAraujo@armyspy.com,1973-05-16,João Pessoa,PB,NORDESTE
411,411,Breno Oliveira,Masculino,BrenoMeloOliveira@jourrapide.com,1964-09-08,João Pessoa,PB,NORDESTE
412,412,Cauã Melo,Masculino,CauaCavalcantiMelo@fleckens.hu,1954-06-22,João Pessoa,PB,NORDESTE
413,413,Paulo Martins,Masculino,PauloCorreiaMartins@superrito.com,1986-07-24,João Pessoa,PB,NORDESTE
414,414,Vinícius Sousa,Masculino,ViniciusLimaSousa@supermail.com,1975-12-25,João Pessoa,PB,NORDESTE
415,415,Douglas Rocha,Masculino,DouglasCunhaRocha@einrot.com,1945-03-09,Joinville,SC,SUL
416,416,Julia Goncalves,Feminino,JuliaPintoGoncalves@armyspy.com,1976-12-09,Joinville,SC,SUL
417,417,Fernanda Araujo,Feminino,FernandaCunhaAraujo@superrito.com,1959-05-26,Joinville,SC,SUL
418,418,Vitória Gomes,Feminino,VitoriaLimaGomes@fleckens.hu,1950-08-13,Joinville,SC,SUL
419,419,Davi Cavalcanti,Masculino,DaviBarbosaCavalcanti@supermail.com,1969-05-04,Joinville,SC,SUL
420,420,Julian Sousa,Masculino,JulianCunhaSousa@cuvox.de,1979-09-21,Joinville,SC,SUL
421,421,Eduardo Pereira,Masculino,EduardoSantosPereira@gustr.com,1946-03-14,Juiz de Fora,MG,SUDESTE
422,422,Aline Pinto,Feminino,AlineCardosoPinto@armyspy.com,1983-11-14,Juiz de Fora,MG,SUDESTE
423,423,Kaua Fernandes,Masculino,KauaBarrosFernandes@teleworm.us,1970-06-06,Juiz de Fora,MG,SUDESTE
424,424,Nicole Oliveira,Feminino,NicoleCostaOliveira@fleckens.hu,1969-07-11,Juiz de Fora,MG,SUDESTE
425,425,Isabelle Souza,Feminino,IsabelleSantosSouza@gustr.com,1957-02-09,Juiz de Fora,MG,SUDESTE
426,426,Beatrice Pereira,Feminino,BeatriceAlmeidaPereira@rhyta.com,1974-05-12,Jundiaí,SP,SUDESTE
427,427,Nicolash Cavalcanti,Masculino,NicolashMartinsCavalcanti@cuvox.de,1945-11-27,Jundiaí,SP,SUDESTE
428,428,Júlia Fernandes,Feminino,JuliaLimaFernandes@fleckens.hu,1994-10-03,Jundiaí,SP,SUDESTE
429,429,Lucas Rodrigues,Masculino,LucasAzevedoRodrigues@cuvox.de,1956-12-03,Lages,SC,SUL
430,430,Kaua Santos,Masculino,KauaGoncalvesSantos@jourrapide.com,1983-01-16,Lages,SC,SUL
431,431,Arthur Fernandes,Masculino,ArthurRibeiroFernandes@gustr.com,1972-06-14,Lago Sul,DF,CENTRO-OESTE
432,432,Sophia Goncalves,Feminino,SophiaBarrosGoncalves@superrito.com,1974-03-07,Lago Sul,DF,CENTRO-OESTE
433,433,Rebeca Araujo,Feminino,RebecaCunhaAraujo@cuvox.de,1989-10-20,Leme,SP,SUDESTE
434,434,Kaua Ribeiro,Masculino,KauaAlvesRibeiro@fleckens.hu,1983-01-22,Limeira,SP,SUDESTE
435,435,Leonardo Pinto,Masculino,LeonardoGomesPinto@supermail.com,1969-07-31,Lins,SP,SUDESTE
436,436,Fernanda Gomes,Feminino,FernandaSilvaGomes@cuvox.de,1986-08-11,Londrina,PR,SUL
437,437,Ágatha Sousa,Feminino,AgathaDiasSousa@gustr.com,1945-05-06,Londrina,PR,SUL
438,438,Lucas Souza,Masculino,LucasPereiraSouza@superrito.com,1944-08-22,Londrina,PR,SUL
439,439,Fernanda Pinto,Feminino,FernandaSantosPinto@einrot.com,1965-09-05,Londrina,PR,SUL
440,440,Joao Fernandes,Masculino,JoaoCarvalhoFernandes@cuvox.de,1975-09-16,Londrina,PR,SUL
441,441,Antônio Oliveira,Masculino,AntonioPereiraOliveira@fleckens.hu,1960-08-16,Londrina,PR,SUL
442,442,Vinicius Melo,Masculino,ViniciusBarrosMelo@armyspy.com,1950-10-30,Londrina,PR,SUL
443,443,Pedro Alves,Masculino,PedroPereiraAlves@supermail.com,1948-10-10,Londrina,PR,SUL
444,444,Livia Pereira,Feminino,LiviaCastroPereira@fleckens.hu,1984-09-06,Londrina,PR,SUL
445,445,Samuel Lima,Masculino,SamuelSilvaLima@armyspy.com,1973-01-28,Lorena,SP,SUDESTE
446,446,José Fernandes,Masculino,JosePereiraFernandes@cuvox.de,1980-03-19,Lorena,SP,SUDESTE
447,447,Guilherme Fernandes,Masculino,GuilhermeSousaFernandes@einrot.com,1979-03-04,Luziânia,GO,CENTRO-OESTE
448,448,Isabelle Rocha,Feminino,IsabelleSouzaRocha@teleworm.us,1993-06-22,Luziânia,GO,CENTRO-OESTE
449,449,Danilo Pereira,Masculino,DaniloCavalcantiPereira@jourrapide.com,1994-09-26,Luziânia,GO,CENTRO-OESTE
450,450,Enzo Santos,Masculino,EnzoPintoSantos@gustr.com,1979-05-13,Luziânia,GO,CENTRO-OESTE
451,451,Luís Costa,Masculino,LuisAzevedoCosta@rhyta.com,1984-10-04,Luziânia,GO,CENTRO-OESTE
452,452,Alex Sousa,Masculino,AlexRochaSousa@jourrapide.com,1963-03-09,Luziânia,GO,CENTRO-OESTE
453,453,Carlos Rodrigues,Masculino,CarlosCavalcantiRodrigues@einrot.com,1976-02-21,Macaé,RJ,SUDESTE
454,454,Vitor Dias,Masculino,VitorRodriguesDias@jourrapide.com,1974-03-24,Macaé,RJ,SUDESTE
455,455,Clara Carvalho,Feminino,ClaraCastroCarvalho@einrot.com,1965-10-01,Macaé,RJ,SUDESTE
456,456,Anna Oliveira,Feminino,AnnaAzevedoOliveira@cuvox.de,1979-10-11,Macapá,AP,NORTE
457,457,Beatrice Costa,Feminino,BeatriceLimaCosta@rhyta.com,1975-09-20,Macapá,AP,NORTE
458,458,Matilde Cavalcanti,Feminino,MatildeRibeiroCavalcanti@einrot.com,1965-01-06,Macapá,AP,NORTE
459,459,Erick Gomes,Masculino,ErickMartinsGomes@armyspy.com,1971-03-18,Macapá,AP,NORTE
460,460,Nicole Correia,Feminino,NicoleAzevedoCorreia@superrito.com,1951-12-22,Maceió,AL,NORDESTE
461,461,Marina Pereira,Feminino,MarinaAzevedoPereira@supermail.com,1985-10-22,Maceió,AL,NORDESTE
462,462,Daniel Santos,Masculino,DanielFerreiraSantos@supermail.com,1955-11-17,Maceió,AL,NORDESTE
463,463,Eduardo Barbosa,Masculino,EduardoGomesBarbosa@gustr.com,1968-08-05,Manaus,AM,NORTE
464,464,Kauê Ribeiro,Masculino,KaueRodriguesRibeiro@fleckens.hu,1955-09-21,Manaus,AM,NORTE
465,465,Diego Pinto,Masculino,DiegoRodriguesPinto@cuvox.de,1982-04-19,Manaus,AM,NORTE
466,466,Sofia Azevedo,Feminino,SofiaDiasAzevedo@cuvox.de,1969-05-21,Manaus,AM,NORTE
467,467,Rafael Barbosa,Masculino,RafaelOliveiraBarbosa@supermail.com,1984-04-26,Manaus,AM,NORTE
468,468,Douglas Cavalcanti,Masculino,DouglasBarrosCavalcanti@jourrapide.com,1950-11-03,Manaus,AM,NORTE
469,469,Davi Pinto,Masculino,DaviAzevedoPinto@armyspy.com,1994-06-20,Manaus,AM,NORTE
470,470,Eduardo Barros,Masculino,EduardoCardosoBarros@teleworm.us,1981-10-21,Manaus,AM,NORTE
471,471,Evelyn Fernandes,Feminino,EvelynPereiraFernandes@cuvox.de,1957-12-18,Manaus,AM,NORTE
472,472,Luan Melo,Masculino,LuanFerreiraMelo@gustr.com,1988-03-23,Manaus,AM,NORTE
473,473,Alex Araujo,Masculino,AlexAlvesAraujo@einrot.com,1968-08-07,Manaus,AM,NORTE
474,474,Melissa Almeida,Feminino,MelissaSantosAlmeida@jourrapide.com,1973-01-17,Manaus,AM,NORTE
475,475,Arthur Goncalves,Masculino,ArthurAzevedoGoncalves@fleckens.hu,1978-06-10,Manaus,AM,NORTE
476,476,Bruna Rocha,Feminino,BrunaCunhaRocha@teleworm.us,1943-05-13,Marabá,PA,NORTE
477,477,Renan Dias,Masculino,RenanOliveiraDias@jourrapide.com,1951-09-18,Maracanaú,CE,NORDESTE
478,478,Diogo Pereira,Masculino,DiogoDiasPereira@teleworm.us,1982-10-04,Maracanaú,CE,NORDESTE
479,479,Tomás Melo,Masculino,TomasMartinsMelo@armyspy.com,1951-02-17,Maracanaú,CE,NORDESTE
480,480,Martim Barbosa,Masculino,MartimSousaBarbosa@teleworm.us,1963-10-16,Marília,SP,SUDESTE
481,481,Daniel Cavalcanti,Masculino,DanielAraujoCavalcanti@supermail.com,1960-04-01,Marília,SP,SUDESTE
482,482,Renan Martins,Masculino,RenanSantosMartins@einrot.com,1978-01-21,Marília,SP,SUDESTE
483,483,Gustavo Barbosa,Masculino,GustavoGoncalvesBarbosa@einrot.com,1966-04-21,Maringá,PR,SUL
484,484,Cauã Fernandes,Masculino,CauaBarbosaFernandes@jourrapide.com,1990-02-10,Maringá,PR,SUL
485,485,Júlio Alves,Masculino,JulioSilvaAlves@armyspy.com,1965-01-31,Maringá,PR,SUL
486,486,Diego Correia,Masculino,DiegoRibeiroCorreia@einrot.com,1986-10-06,Mauá,SP,SUDESTE
487,487,Júlia Santos,Feminino,JuliaCostaSantos@jourrapide.com,1954-09-19,Mauá,SP,SUDESTE
488,488,Manuela Goncalves,Feminino,ManuelaSouzaGoncalves@cuvox.de,1994-05-30,Mauá,SP,SUDESTE
489,489,Vitória Pereira,Feminino,VitoriaSantosPereira@fleckens.hu,1980-03-25,Mococa,SP,SUDESTE
490,490,Luana Azevedo,Feminino,LuanaSantosAzevedo@armyspy.com,1954-08-16,Mogi das Cruzes,SP,SUDESTE
491,491,Brenda Castro,Feminino,BrendaCostaCastro@gustr.com,1975-04-20,Mogi das Cruzes,SP,SUDESTE
492,492,Matilde Rodrigues,Feminino,MatildePintoRodrigues@superrito.com,1972-05-08,Mogi das Cruzes,SP,SUDESTE
493,493,Miguel Sousa,Masculino,MiguelGoncalvesSousa@fleckens.hu,1992-12-13,Mogi-Guaçu,SP,SUDESTE
494,494,Vinicius Souza,Masculino,ViniciusGomesSouza@armyspy.com,1980-11-13,Mogi-Guaçu,SP,SUDESTE
495,495,Sophia Cunha,Feminino,SophiaDiasCunha@einrot.com,1986-08-05,Mogi-Mirim,SP,SUDESTE
496,496,Vinicius Goncalves,Masculino,ViniciusDiasGoncalves@fleckens.hu,1981-08-17,Mogi-Mirim,SP,SUDESTE
497,497,Ana Costa,Feminino,AnaCavalcantiCosta@fleckens.hu,1989-04-11,Montes Claros,MG,SUDESTE
498,498,Kaua Castro,Masculino,KauaBarbosaCastro@teleworm.us,1992-05-04,Montes Claros,MG,SUDESTE
499,499,Igor Gomes,Masculino,IgorSousaGomes@gustr.com,1991-09-10,Montes Claros,MG,SUDESTE
500,500,Maria Lima,Feminino,MariaRibeiroLima@supermail.com,1953-06-08,Montes Claros,MG,SUDESTE
501,501,Carla Dias,Feminino,CarlaSouzaDias@cuvox.de,1976-01-20,Mossoró,RN,NORDESTE
502,502,Nicolash Melo,Masculino,NicolashBarbosaMelo@armyspy.com,1989-03-24,Mossoró,RN,NORDESTE
503,503,Luana Oliveira,Feminino,LuanaCavalcantiOliveira@cuvox.de,1946-05-23,Mossoró,RN,NORDESTE
504,504,Isabella Santos,Feminino,IsabellaSilvaSantos@teleworm.us,1971-05-22,Mossoró,RN,NORDESTE
505,505,Bruna Melo,Feminino,BrunaSantosMelo@rhyta.com,1959-03-26,Natal,RN,NORDESTE
506,506,Melissa Almeida,Feminino,MelissaPereiraAlmeida@rhyta.com,1977-12-23,Natal,RN,NORDESTE
507,507,Luiz Ferreira,Masculino,LuizDiasFerreira@supermail.com,1967-02-09,Natal,RN,NORDESTE
508,508,Rafaela Silva,Feminino,RafaelaBarbosaSilva@cuvox.de,1949-11-24,Natal,RN,NORDESTE
509,509,Daniel Cardoso,Masculino,DanielCorreiaCardoso@supermail.com,1962-09-13,Natal,RN,NORDESTE
510,510,Kauã Lima,Masculino,KauaGomesLima@fleckens.hu,1981-02-12,Nilópolis,RJ,SUDESTE
511,511,Kaua Gomes,Masculino,KauaPereiraGomes@einrot.com,1991-09-05,Niterói,RJ,SUDESTE
512,512,Eduardo Santos,Masculino,EduardoCorreiaSantos@cuvox.de,1972-08-08,Niterói,RJ,SUDESTE
513,513,Sarah Ferreira,Feminino,SarahCostaFerreira@jourrapide.com,1968-12-22,Niterói,RJ,SUDESTE
514,514,Kauã Cunha,Masculino,KauaCarvalhoCunha@gustr.com,1968-07-05,Niterói,RJ,SUDESTE
515,515,Bruno Barros,Masculino,BrunoSouzaBarros@supermail.com,1960-11-20,Nova Friburgo,RJ,SUDESTE
516,516,Rodrigo Melo,Masculino,RodrigoDiasMelo@einrot.com,1972-08-28,Nova Iguaçu,RJ,SUDESTE
517,517,Kaua Cardoso,Masculino,KauaCunhaCardoso@armyspy.com,1989-03-20,Nova Iguaçu,RJ,SUDESTE
518,518,Camila Santos,Feminino,CamilaCardosoSantos@teleworm.us,1943-05-05,Nova Iguaçu,RJ,SUDESTE
519,519,Clara Ferreira,Feminino,ClaraAlvesFerreira@fleckens.hu,1985-03-18,Nova Iguaçu,RJ,SUDESTE
520,520,Bruna Barbosa,Feminino,BrunaRodriguesBarbosa@gustr.com,1960-07-21,Nova Iguaçu,RJ,SUDESTE
521,521,Isabella Ribeiro,Feminino,IsabellaCorreiaRibeiro@teleworm.us,1971-12-07,Nova Iguaçu,RJ,SUDESTE
522,522,Emilly Fernandes,Feminino,EmillyAlmeidaFernandes@rhyta.com,1945-01-28,Nova Iguaçu,RJ,SUDESTE
523,523,Bruna Goncalves,Feminino,BrunaLimaGoncalves@supermail.com,1966-04-09,Nova Iguaçu,RJ,SUDESTE
524,524,Gabriel Carvalho,Masculino,GabrielAlmeidaCarvalho@rhyta.com,1968-05-20,Nova Iguaçu,RJ,SUDESTE
525,525,Kai Alves,Masculino,KaiCardosoAlves@teleworm.us,1955-01-03,Novo Gama,GO,CENTRO-OESTE
526,526,Mateus Araujo,Masculino,MateusFerreiraAraujo@rhyta.com,1960-02-08,Olinda,PE,NORDESTE
527,527,Carolina Cardoso,Feminino,CarolinaBarrosCardoso@jourrapide.com,1973-03-02,Olinda,PE,NORDESTE
528,528,Larissa Pinto,Feminino,LarissaSantosPinto@supermail.com,1975-08-16,Olinda,PE,NORDESTE
529,529,Fernanda Oliveira,Feminino,FernandaCostaOliveira@rhyta.com,1952-02-20,Olinda,PE,NORDESTE
530,530,Thiago Alves,Masculino,ThiagoMeloAlves@superrito.com,1949-01-18,Olinda,PE,NORDESTE
531,531,Felipe Goncalves,Masculino,FelipeSouzaGoncalves@teleworm.us,1990-01-06,Olinda,PE,NORDESTE
532,532,Kauê Souza,Masculino,KaueSantosSouza@teleworm.us,1966-10-01,Osasco,SP,SUDESTE
533,533,Sarah Alves,Feminino,SarahGomesAlves@fleckens.hu,1967-11-15,Osasco,SP,SUDESTE
534,534,Thaís Barbosa,Feminino,ThaisCarvalhoBarbosa@superrito.com,1957-10-07,Osasco,SP,SUDESTE
535,535,Samuel Azevedo,Masculino,SamuelLimaAzevedo@supermail.com,1944-10-08,Osasco,SP,SUDESTE
536,536,Gustavo Goncalves,Masculino,GustavoBarbosaGoncalves@jourrapide.com,1967-08-21,Ourinhos,SP,SUDESTE
537,537,Leonardo Goncalves,Masculino,LeonardoCardosoGoncalves@cuvox.de,1945-02-07,Palhoça,SC,SUL
538,538,Marisa Barbosa,Feminino,MarisaSantosBarbosa@jourrapide.com,1949-04-12,Palmas,TO,NORTE
539,539,Danilo Martins,Masculino,DaniloCunhaMartins@superrito.com,1955-09-01,Palmas,TO,NORTE
540,540,Miguel Correia,Masculino,MiguelGoncalvesCorreia@supermail.com,1960-11-22,Palmas,TO,NORTE
541,541,Thaís Almeida,Feminino,ThaisCardosoAlmeida@fleckens.hu,1978-10-28,Palmas,TO,NORTE
542,542,Luís Ribeiro,Masculino,LuisSantosRibeiro@fleckens.hu,1991-11-05,Palmas,TO,NORTE
543,543,Martim Cardoso,Masculino,MartimAraujoCardoso@superrito.com,1980-07-26,Palmas,TO,NORTE
544,544,Sofia Oliveira,Feminino,SofiaGomesOliveira@teleworm.us,1969-11-03,Palmas,TO,NORTE
545,545,Nicolash Goncalves,Masculino,NicolashAraujoGoncalves@cuvox.de,1984-05-10,Palmeira dos Índios,AL,NORDESTE
546,546,Caio Ferreira,Masculino,CaioCunhaFerreira@rhyta.com,1970-03-06,Palmeira dos Índios,AL,NORDESTE
547,547,Enzo Lima,Masculino,EnzoAlvesLima@rhyta.com,1983-10-26,Paranaguá,PR,SUL
548,548,Luan Santos,Masculino,LuanRodriguesSantos@armyspy.com,1986-10-11,Paranaguá,PR,SUL
549,549,Lucas Almeida,Masculino,LucasAraujoAlmeida@rhyta.com,1975-09-17,Paranavaí,PR,SUL
550,550,Rafaela Ferreira,Feminino,RafaelaFernandesFerreira@fleckens.hu,1988-07-07,Paranavaí,PR,SUL
551,551,Sofia Melo,Feminino,SofiaPintoMelo@teleworm.us,1994-10-10,Passo Fundo,RS,SUL
552,552,Júlio Carvalho,Masculino,JulioAraujoCarvalho@superrito.com,1964-09-18,Passo Fundo,RS,SUL
553,553,Beatrice Dias,Feminino,BeatriceCardosoDias@teleworm.us,1957-06-18,Passo Fundo,RS,SUL
554,554,Fábio Pinto,Masculino,FabioGomesPinto@cuvox.de,1990-12-28,Passo Fundo,RS,SUL
555,555,Julia Cavalcanti,Feminino,JuliaOliveiraCavalcanti@jourrapide.com,1989-11-05,Passos,MG,SUDESTE
556,556,Bianca Ribeiro,Feminino,BiancaOliveiraRibeiro@armyspy.com,1992-02-12,Passos,MG,SUDESTE
557,557,Rafael Rodrigues,Masculino,RafaelMartinsRodrigues@fleckens.hu,1957-01-17,Patos,PB,NORDESTE
558,558,Maria Silva,Feminino,MariaMeloSilva@rhyta.com,1974-10-28,Patos de Minas,MG,SUDESTE
559,559,Renan Rodrigues,Masculino,RenanRochaRodrigues@armyspy.com,1957-03-21,Patos de Minas,MG,SUDESTE
560,560,Camila Carvalho,Feminino,CamilaBarbosaCarvalho@einrot.com,1986-04-11,Paulista,PE,NORDESTE
561,561,Alice Cardoso,Feminino,AliceAlvesCardoso@gustr.com,1981-02-19,Paulista,PE,NORDESTE
562,562,Tânia Melo,Feminino,TaniaMartinsMelo@supermail.com,1976-03-01,Paulista,PE,NORDESTE
563,563,Beatriz Carvalho,Feminino,BeatrizGomesCarvalho@superrito.com,1993-03-18,Paulista,PE,NORDESTE
564,564,Luis Pinto,Masculino,LuisSouzaPinto@rhyta.com,1970-12-06,Paulo Afonso,BA,NORDESTE
565,565,José Araujo,Masculino,JoseSousaAraujo@jourrapide.com,1951-06-08,Paulo Afonso,BA,NORDESTE
566,566,Kauã Cardoso,Masculino,KauaSousaCardoso@superrito.com,1966-07-22,Pelotas,RS,SUL
567,567,Diego Barros,Masculino,DiegoLimaBarros@einrot.com,1978-01-29,Petrolina,PE,NORDESTE
568,568,Gabriela Rocha,Feminino,GabrielaSilvaRocha@rhyta.com,1973-10-18,Petrolina,PE,NORDESTE
569,569,Larissa Cavalcanti,Feminino,LarissaSouzaCavalcanti@fleckens.hu,1990-12-25,Petrolina,PE,NORDESTE
570,570,Renan Ribeiro,Masculino,RenanMeloRibeiro@cuvox.de,1987-04-18,Petrolina,PE,NORDESTE
571,571,Enzo Carvalho,Masculino,EnzoAzevedoCarvalho@jourrapide.com,1973-12-22,Petrolina,PE,NORDESTE
572,572,Diogo Martins,Masculino,DiogoCarvalhoMartins@einrot.com,1973-04-05,Petrolina,PE,NORDESTE
573,573,Sofia Azevedo,Feminino,SofiaRibeiroAzevedo@superrito.com,1988-11-26,Petrolina,PE,NORDESTE
574,574,Alice Goncalves,Feminino,AliceCardosoGoncalves@superrito.com,1952-12-17,Petrolina,PE,NORDESTE
575,575,Miguel Pinto,Masculino,MiguelCastroPinto@gustr.com,1948-04-09,Petrolina,PE,NORDESTE
576,576,Evelyn Ribeiro,Feminino,EvelynBarrosRibeiro@rhyta.com,1976-07-25,Petrópolis,RJ,SUDESTE
577,577,Beatrice Almeida,Feminino,BeatricePereiraAlmeida@cuvox.de,1980-03-18,Petrópolis,RJ,SUDESTE
578,578,Maria Sousa,Feminino,MariaCorreiaSousa@superrito.com,1957-06-19,Petrópolis,RJ,SUDESTE
579,579,Thiago Goncalves,Masculino,ThiagoRochaGoncalves@einrot.com,1954-07-10,Petrópolis,RJ,SUDESTE
580,580,Fábio Correia,Masculino,FabioRodriguesCorreia@teleworm.us,1974-12-16,Petrópolis,RJ,SUDESTE
581,581,Giovanna Azevedo,Feminino,GiovannaCostaAzevedo@teleworm.us,1946-08-18,Petrópolis,RJ,SUDESTE
582,582,Renan Rocha,Masculino,RenanCastroRocha@einrot.com,1994-12-30,Pinhais,PR,SUL
583,583,Raissa Almeida,Feminino,RaissaRochaAlmeida@rhyta.com,1973-07-17,Piracicaba,SP,SUDESTE
584,584,Marisa Gomes,Feminino,MarisaCunhaGomes@gustr.com,1986-06-19,Piracicaba,SP,SUDESTE
585,585,Marcos Cavalcanti,Masculino,MarcosAraujoCavalcanti@superrito.com,1984-02-12,Piracicaba,SP,SUDESTE
586,586,Letícia Correia,Feminino,LeticiaBarrosCorreia@supermail.com,1973-01-17,Piracicaba,SP,SUDESTE
587,587,Cauã Pereira,Masculino,CauaCorreiaPereira@cuvox.de,1991-03-28,Pirassununga,SP,SUDESTE
588,588,Arthur Lima,Masculino,ArthurCostaLima@supermail.com,1969-01-07,Planaltina,DF,CENTRO-OESTE
589,589,Emily Lima,Feminino,EmilyCardosoLima@einrot.com,1961-03-19,Planaltina de Goiás,GO,CENTRO-OESTE
590,590,Matheus Ferreira,Masculino,MatheusBarrosFerreira@fleckens.hu,1947-02-18,Planaltina de Goiás,GO,CENTRO-OESTE
591,591,Luiz Martins,Masculino,LuizPintoMartins@gustr.com,1962-07-14,Poá,SP,SUDESTE
592,592,Vinícius Silva,Masculino,ViniciusOliveiraSilva@einrot.com,1957-05-17,Poços de Caldas,MG,SUDESTE
593,593,Igor Castro,Masculino,IgorBarbosaCastro@fleckens.hu,1989-05-20,Poços de Caldas,MG,SUDESTE
594,594,Nicolash Ferreira,Masculino,NicolashSilvaFerreira@teleworm.us,1946-02-14,Ponta Grossa,PR,SUL
595,595,Mateus Cardoso,Masculino,MateusFernandesCardoso@teleworm.us,1954-06-27,Ponta Grossa,PR,SUL
596,596,Sofia Cavalcanti,Feminino,SofiaMartinsCavalcanti@superrito.com,1981-09-28,Ponta Grossa,PR,SUL
597,597,Tiago Barros,Masculino,TiagoOliveiraBarros@supermail.com,1972-10-10,Ponta Grossa,PR,SUL
598,598,Camila Ribeiro,Feminino,CamilaCastroRibeiro@superrito.com,1946-08-30,Ponte Nova,MG,SUDESTE
599,599,Cauã Fernandes,Masculino,CauaAlvesFernandes@einrot.com,1958-05-26,Ponte Nova,MG,SUDESTE
600,600,Júlio Melo,Masculino,JulioFernandesMelo@teleworm.us,1966-10-08,Ponte Nova,MG,SUDESTE
601,601,Ryan Cardoso,Masculino,RyanDiasCardoso@supermail.com,1975-03-18,Porto Alegre,RS,SUL
602,602,Bianca Rocha,Feminino,BiancaOliveiraRocha@supermail.com,1982-08-14,Porto Alegre,RS,SUL
603,603,Beatriz Castro,Feminino,BeatrizAzevedoCastro@jourrapide.com,1956-04-20,Porto Alegre,RS,SUL
604,604,Bianca Cunha,Feminino,BiancaAraujoCunha@fleckens.hu,1965-02-15,Porto Alegre,RS,SUL
605,605,João Silva,Masculino,JoaoRodriguesSilva@fleckens.hu,1950-03-03,Porto Alegre,RS,SUL
606,606,Sofia Castro,Feminino,SofiaPereiraCastro@gustr.com,1947-12-04,Porto Alegre,RS,SUL
607,607,Guilherme Almeida,Masculino,GuilhermeCastroAlmeida@cuvox.de,1950-09-29,Porto Alegre,RS,SUL
608,608,Rafael Melo,Masculino,RafaelCastroMelo@fleckens.hu,1961-05-03,Porto Alegre,RS,SUL
609,609,Kaua Costa,Masculino,KauaMartinsCosta@supermail.com,1987-05-29,Porto Alegre,RS,SUL
610,610,Tiago Melo,Masculino,TiagoRodriguesMelo@superrito.com,1958-09-11,Porto Alegre,RS,SUL
611,611,Pedro Rocha,Masculino,PedroFerreiraRocha@superrito.com,1967-09-17,Porto Alegre,RS,SUL
612,612,Gabriel Fernandes,Masculino,GabrielSousaFernandes@teleworm.us,1962-10-16,Porto Velho,RO,NORTE
613,613,Luiza Dias,Feminino,LuizaCorreiaDias@teleworm.us,1982-03-20,Porto Velho,RO,NORTE
614,614,Martim Barros,Masculino,MartimSouzaBarros@cuvox.de,1946-09-16,Praia Grande,SP,SUDESTE
615,615,Renan Sousa,Masculino,RenanRibeiroSousa@jourrapide.com,1949-06-16,Praia Grande,SP,SUDESTE
616,616,Antônio Melo,Masculino,AntonioAzevedoMelo@fleckens.hu,1991-07-03,Praia Grande,SP,SUDESTE
617,617,Raissa Pinto,Feminino,RaissaCardosoPinto@jourrapide.com,1991-02-07,Praia Grande,SP,SUDESTE
618,618,Victor Dias,Masculino,VictorBarbosaDias@armyspy.com,1983-06-01,Presidente Prudente,SP,SUDESTE
619,619,Leonor Cunha,Feminino,LeonorSilvaCunha@cuvox.de,1975-06-10,Presidente Prudente,SP,SUDESTE
620,620,Ryan Oliveira,Masculino,RyanCostaOliveira@superrito.com,1976-12-27,Presidente Prudente,SP,SUDESTE
621,621,Luiz Souza,Masculino,LuizRochaSouza@fleckens.hu,1967-05-02,Presidente Prudente,SP,SUDESTE
622,622,Arthur Pinto,Masculino,ArthurCavalcantiPinto@teleworm.us,1960-01-03,Queimados,RJ,SUDESTE
623,623,Igor Silva,Masculino,IgorOliveiraSilva@teleworm.us,1970-08-23,Queimados,RJ,SUDESTE
624,624,Estevan Ribeiro,Masculino,EstevanRochaRibeiro@cuvox.de,1964-07-06,Queimados,RJ,SUDESTE
625,625,Nicolash Silva,Masculino,NicolashPereiraSilva@gustr.com,1989-07-30,Queimados,RJ,SUDESTE
626,626,Pedro Costa,Masculino,PedroMartinsCosta@einrot.com,1971-12-25,Queimados,RJ,SUDESTE
627,627,Diego Araujo,Masculino,DiegoDiasAraujo@supermail.com,1958-09-20,Recanto das Emas,DF,CENTRO-OESTE
628,628,Rodrigo Ferreira,Masculino,RodrigoPereiraFerreira@fleckens.hu,1943-12-16,Recanto das Emas,DF,CENTRO-OESTE
629,629,Luís Santos,Masculino,LuisMeloSantos@fleckens.hu,1969-11-10,Recanto das Emas,DF,CENTRO-OESTE
630,630,Nicolas Correia,Masculino,NicolasGomesCorreia@supermail.com,1946-09-04,Recanto das Emas,DF,CENTRO-OESTE
631,631,Pedro Melo,Masculino,PedroPintoMelo@rhyta.com,1953-08-20,Recife,PE,NORDESTE
632,632,Luiz Santos,Masculino,LuizCavalcantiSantos@superrito.com,1986-08-04,Recife,PE,NORDESTE
633,633,Gustavo Cardoso,Masculino,GustavoBarbosaCardoso@gustr.com,1960-07-02,Recife,PE,NORDESTE
634,634,Carlos Pereira,Masculino,CarlosCastroPereira@fleckens.hu,1964-12-04,Recife,PE,NORDESTE
635,635,Amanda Ferreira,Feminino,AmandaCastroFerreira@armyspy.com,1945-01-12,Recife,PE,NORDESTE
636,636,Beatriz Cavalcanti,Feminino,BeatrizAlvesCavalcanti@armyspy.com,1947-03-01,Recife,PE,NORDESTE
637,637,Marcos Souza,Masculino,MarcosOliveiraSouza@jourrapide.com,1977-09-06,Recife,PE,NORDESTE
638,638,Julia Fernandes,Feminino,JuliaDiasFernandes@fleckens.hu,1944-06-11,Recife,PE,NORDESTE
639,639,Julia Almeida,Feminino,JuliaCunhaAlmeida@gustr.com,1973-04-16,Recife,PE,NORDESTE
640,640,Ágatha Almeida,Feminino,AgathaCastroAlmeida@cuvox.de,1979-12-09,Recife,PE,NORDESTE
641,641,Daniel Barros,Masculino,DanielGoncalvesBarros@superrito.com,1978-07-15,Recife,PE,NORDESTE
642,642,Tânia Costa,Feminino,TaniaMeloCosta@teleworm.us,1982-12-30,Recife,PE,NORDESTE
643,643,Livia Santos,Feminino,LiviaLimaSantos@gustr.com,1973-10-24,Recife,PE,NORDESTE
644,644,Luiz Fernandes,Masculino,LuizBarrosFernandes@superrito.com,1990-12-01,Recife,PE,NORDESTE
645,645,Diego Carvalho,Masculino,DiegoSilvaCarvalho@teleworm.us,1960-02-05,Recife,PE,NORDESTE
646,646,Luís Silva,Masculino,LuisAlmeidaSilva@rhyta.com,1963-01-02,Recife,PE,NORDESTE
647,647,Arthur Castro,Masculino,ArthurPereiraCastro@armyspy.com,1967-05-31,Recife,PE,NORDESTE
648,648,Vitória Rocha,Feminino,VitoriaSilvaRocha@armyspy.com,1981-06-18,Recife,PE,NORDESTE
649,649,Isabelle Santos,Feminino,IsabelleAraujoSantos@cuvox.de,1946-08-05,Recife,PE,NORDESTE
650,650,Yasmin Ferreira,Feminino,YasminMartinsFerreira@cuvox.de,1991-01-22,Recife,PE,NORDESTE
651,651,Luiz Costa,Masculino,LuizMeloCosta@armyspy.com,1986-06-02,Recife,PE,NORDESTE
652,652,Luiz Dias,Masculino,LuizMeloDias@cuvox.de,1955-10-02,Redenção,PA,NORTE
653,653,Aline Pinto,Feminino,AlineCarvalhoPinto@armyspy.com,1949-05-29,Resende,RJ,SUDESTE
654,654,Murilo Souza,Masculino,MuriloCavalcantiSouza@supermail.com,1963-07-16,Resende,RJ,SUDESTE
655,655,Leonardo Martins,Masculino,LeonardoSilvaMartins@armyspy.com,1951-04-19,Ribeirão das Neves,MG,SUDESTE
656,656,Emilly Costa,Feminino,EmillyCardosoCosta@cuvox.de,1964-07-05,Ribeirão das Neves,MG,SUDESTE
657,657,Felipe Silva,Masculino,FelipeMeloSilva@fleckens.hu,1956-05-21,Ribeirão das Neves,MG,SUDESTE
658,658,Gabriel Gomes,Masculino,GabrielDiasGomes@supermail.com,1961-09-25,Ribeirão Pires,SP,SUDESTE
659,659,Leila Azevedo,Feminino,LeilaMeloAzevedo@gustr.com,1969-07-13,Ribeirão Pires,SP,SUDESTE
660,660,Antônio Cardoso,Masculino,AntonioCarvalhoCardoso@rhyta.com,1993-08-02,Ribeirão Preto,SP,SUDESTE
661,661,Bianca Azevedo,Feminino,BiancaGomesAzevedo@jourrapide.com,1974-04-04,Ribeirão Preto,SP,SUDESTE
662,662,Gabriel Castro,Masculino,GabrielAzevedoCastro@gustr.com,1987-02-11,Ribeirão Preto,SP,SUDESTE
663,663,Nicolas Castro,Masculino,NicolasCavalcantiCastro@supermail.com,1967-07-31,Ribeirão Preto,SP,SUDESTE
664,664,Paulo Dias,Masculino,PauloAlmeidaDias@superrito.com,1957-09-22,Ribeirão Preto,SP,SUDESTE
665,665,Evelyn Souza,Feminino,EvelynPintoSouza@armyspy.com,1961-06-08,Ribeirão Preto,SP,SUDESTE
666,666,Paulo Castro,Masculino,PauloAraujoCastro@armyspy.com,1993-03-09,Ribeirão Preto,SP,SUDESTE
667,667,Victor Rodrigues,Masculino,VictorSousaRodrigues@einrot.com,1962-05-24,Rio Branco,AC,NORTE
668,668,Ryan Melo,Masculino,RyanRochaMelo@einrot.com,1989-12-21,Rio Claro,SP,SUDESTE
669,669,Marcos Fernandes,Masculino,MarcosBarbosaFernandes@fleckens.hu,1961-10-09,Rio Claro,SP,SUDESTE
670,670,Antônio Melo,Masculino,AntonioAlvesMelo@cuvox.de,1949-09-19,Rio de Janeiro,RJ,SUDESTE
671,671,Arthur Dias,Masculino,ArthurGoncalvesDias@rhyta.com,1984-01-06,Rio de Janeiro,RJ,SUDESTE
672,672,Alex Souza,Masculino,AlexLimaSouza@cuvox.de,1943-08-06,Rio de Janeiro,RJ,SUDESTE
673,673,Emily Cardoso,Feminino,EmilyMartinsCardoso@jourrapide.com,1978-08-21,Rio de Janeiro,RJ,SUDESTE
674,674,Murilo Carvalho,Masculino,MuriloCastroCarvalho@einrot.com,1974-04-19,Rio de Janeiro,RJ,SUDESTE
675,675,Kauã Cardoso,Masculino,KauaCorreiaCardoso@einrot.com,1945-11-19,Rio de Janeiro,RJ,SUDESTE
676,676,Kauã Castro,Masculino,KauaSantosCastro@jourrapide.com,1960-12-17,Rio de Janeiro,RJ,SUDESTE
677,677,Carla Pereira,Feminino,CarlaSousaPereira@einrot.com,1987-03-10,Rio de Janeiro,RJ,SUDESTE
678,678,Bianca Almeida,Feminino,BiancaCostaAlmeida@superrito.com,1994-12-02,Rio de Janeiro,RJ,SUDESTE
679,679,Enzo Oliveira,Masculino,EnzoSousaOliveira@superrito.com,1948-06-19,Rio de Janeiro,RJ,SUDESTE
680,680,Tiago Correia,Masculino,TiagoBarbosaCorreia@cuvox.de,1990-10-18,Rio de Janeiro,RJ,SUDESTE
681,681,Matilde Alves,Feminino,MatildeMartinsAlves@cuvox.de,1983-07-16,Rio de Janeiro,RJ,SUDESTE
682,682,Kauê Fernandes,Masculino,KaueSilvaFernandes@gustr.com,1994-05-27,Rio de Janeiro,RJ,SUDESTE
683,683,Raissa Dias,Feminino,RaissaSilvaDias@supermail.com,1986-09-11,Rio de Janeiro,RJ,SUDESTE
684,684,Isabella Ferreira,Feminino,IsabellaAlmeidaFerreira@rhyta.com,1987-12-04,Rio de Janeiro,RJ,SUDESTE
685,685,Giovana Sousa,Feminino,GiovanaMartinsSousa@gustr.com,1943-07-29,Rio de Janeiro,RJ,SUDESTE
686,686,Kauã Fernandes,Masculino,KauaMartinsFernandes@gustr.com,1984-07-24,Rio de Janeiro,RJ,SUDESTE
687,687,Luís Correia,Masculino,LuisRibeiroCorreia@jourrapide.com,1961-12-13,Rio de Janeiro,RJ,SUDESTE
688,688,Tiago Ferreira,Masculino,TiagoCarvalhoFerreira@fleckens.hu,1980-01-18,Rio de Janeiro,RJ,SUDESTE
689,689,Júlio Lima,Masculino,JulioAlvesLima@gustr.com,1974-04-14,Rio de Janeiro,RJ,SUDESTE
690,690,Murilo Cavalcanti,Masculino,MuriloCostaCavalcanti@rhyta.com,1970-07-12,Rio de Janeiro,RJ,SUDESTE
691,691,Caio Gomes,Masculino,CaioRodriguesGomes@einrot.com,1972-10-07,Rio de Janeiro,RJ,SUDESTE
692,692,Kauan Alves,Masculino,KauanBarbosaAlves@einrot.com,1984-09-17,Rio de Janeiro,RJ,SUDESTE
693,693,Gustavo Goncalves,Masculino,GustavoDiasGoncalves@superrito.com,1955-01-31,Rio de Janeiro,RJ,SUDESTE
694,694,Amanda Lima,Feminino,AmandaGomesLima@armyspy.com,1990-03-20,Rio de Janeiro,RJ,SUDESTE
695,695,Julia Pereira,Feminino,JuliaCardosoPereira@teleworm.us,1961-05-18,Rio de Janeiro,RJ,SUDESTE
696,696,Victor Souza,Masculino,VictorCastroSouza@armyspy.com,1957-02-06,Rio de Janeiro,RJ,SUDESTE
697,697,Rodrigo Costa,Masculino,RodrigoOliveiraCosta@cuvox.de,1967-09-28,Rio de Janeiro,RJ,SUDESTE
698,698,Aline Correia,Feminino,AlineCunhaCorreia@fleckens.hu,1984-02-13,Rio de Janeiro,RJ,SUDESTE
699,699,Júlio Ferreira,Masculino,JulioRibeiroFerreira@fleckens.hu,1993-02-06,Rio de Janeiro,RJ,SUDESTE
700,700,Mariana Almeida,Feminino,MarianaGoncalvesAlmeida@gustr.com,1977-02-10,Rio de Janeiro,RJ,SUDESTE
701,701,Victor Sousa,Masculino,VictorMeloSousa@supermail.com,1966-09-18,Rio de Janeiro,RJ,SUDESTE
702,702,Luana Sousa,Feminino,LuanaCavalcantiSousa@superrito.com,1979-06-25,Rio de Janeiro,RJ,SUDESTE
703,703,Kauã Carvalho,Masculino,KauaSouzaCarvalho@superrito.com,1957-09-04,Rio de Janeiro,RJ,SUDESTE
704,704,Camila Rodrigues,Feminino,CamilaPereiraRodrigues@einrot.com,1984-01-14,Rio de Janeiro,RJ,SUDESTE
705,705,Ryan Ferreira,Masculino,RyanGomesFerreira@supermail.com,1951-04-07,Rio de Janeiro,RJ,SUDESTE
706,706,André Martins,Masculino,AndreMeloMartins@teleworm.us,1964-06-20,Rio de Janeiro,RJ,SUDESTE
707,707,Kaua Dias,Masculino,KauaLimaDias@fleckens.hu,1958-01-30,Rio de Janeiro,RJ,SUDESTE
708,708,Samuel Castro,Masculino,SamuelDiasCastro@jourrapide.com,1952-12-21,Rio de Janeiro,RJ,SUDESTE
709,709,Igor Martins,Masculino,IgorRochaMartins@fleckens.hu,1959-07-22,Rio Verde,GO,CENTRO-OESTE
710,710,Paulo Carvalho,Masculino,PauloSilvaCarvalho@fleckens.hu,1975-05-31,Rio Verde,GO,CENTRO-OESTE
711,711,Laura Costa,Feminino,LauraCavalcantiCosta@supermail.com,1967-12-21,Rondonópolis,MT,CENTRO-OESTE
712,712,Leonardo Gomes,Masculino,LeonardoRodriguesGomes@supermail.com,1953-11-19,Rondonópolis,MT,CENTRO-OESTE
713,713,Vinícius Martins,Masculino,ViniciusCorreiaMartins@armyspy.com,1974-12-17,Sabará,MG,SUDESTE
714,714,Fernanda Cunha,Feminino,FernandaBarbosaCunha@superrito.com,1963-12-23,Sabará,MG,SUDESTE
715,715,Vitor Carvalho,Masculino,VitorSouzaCarvalho@supermail.com,1969-10-02,Salto,SP,SUDESTE
716,716,Gabrielle Almeida,Feminino,GabrielleSilvaAlmeida@jourrapide.com,1970-08-29,Salto,SP,SUDESTE
717,717,Alex Ribeiro,Masculino,AlexBarrosRibeiro@armyspy.com,1948-08-09,Salto,SP,SUDESTE
718,718,Diego Rocha,Masculino,DiegoAlmeidaRocha@armyspy.com,1993-10-11,Salvador,BA,NORDESTE
719,719,André Sousa,Masculino,AndrePintoSousa@armyspy.com,1948-12-15,Salvador,BA,NORDESTE
720,720,Matheus Silva,Masculino,MatheusCastroSilva@gustr.com,1967-04-05,Salvador,BA,NORDESTE
721,721,Gabriel Rodrigues,Masculino,GabrielSousaRodrigues@jourrapide.com,1954-09-07,Salvador,BA,NORDESTE
722,722,Amanda Ferreira,Feminino,AmandaCardosoFerreira@jourrapide.com,1961-10-23,Salvador,BA,NORDESTE
723,723,Carlos Martins,Masculino,CarlosLimaMartins@gustr.com,1968-03-27,Salvador,BA,NORDESTE
724,724,Martim Almeida,Masculino,MartimCardosoAlmeida@supermail.com,1952-07-04,Salvador,BA,NORDESTE
725,725,Eduarda Oliveira,Feminino,EduardaMartinsOliveira@einrot.com,1962-02-07,Salvador,BA,NORDESTE
726,726,Paulo Dias,Masculino,PauloCavalcantiDias@einrot.com,1977-01-07,Salvador,BA,NORDESTE
727,727,Bruno Melo,Masculino,BrunoCastroMelo@supermail.com,1985-12-24,Salvador,BA,NORDESTE
728,728,Kaua Rocha,Masculino,KauaPintoRocha@supermail.com,1995-04-26,Salvador,BA,NORDESTE
729,729,Renan Oliveira,Masculino,RenanSilvaOliveira@fleckens.hu,1946-02-02,Salvador,BA,NORDESTE
730,730,Kai Rodrigues,Masculino,KaiRochaRodrigues@fleckens.hu,1979-07-31,Salvador,BA,NORDESTE
731,731,Aline Fernandes,Feminino,AlineBarbosaFernandes@gustr.com,1985-05-09,Salvador,BA,NORDESTE
732,732,Bruna Cavalcanti,Feminino,BrunaDiasCavalcanti@einrot.com,1986-01-07,Salvador,BA,NORDESTE
733,733,Davi Cavalcanti,Masculino,DaviMartinsCavalcanti@rhyta.com,1951-09-21,Salvador,BA,NORDESTE
734,734,Vitoria Barbosa,Feminino,VitoriaCastroBarbosa@superrito.com,1961-07-11,Salvador,BA,NORDESTE
735,735,Laura Cavalcanti,Feminino,LauraGomesCavalcanti@einrot.com,1994-07-24,Salvador,BA,NORDESTE
736,736,Brenda Alves,Feminino,BrendaSantosAlves@superrito.com,1978-08-21,Salvador,BA,NORDESTE
737,737,Emilly Castro,Feminino,EmillyCunhaCastro@cuvox.de,1963-08-02,Salvador,BA,NORDESTE
738,738,Leonardo Oliveira,Masculino,LeonardoMeloOliveira@fleckens.hu,1993-04-03,Salvador,BA,NORDESTE
739,739,Douglas Lima,Masculino,DouglasGomesLima@teleworm.us,1976-08-27,Salvador,BA,NORDESTE
740,740,Beatrice Alves,Feminino,BeatriceFernandesAlves@superrito.com,1985-07-12,Salvador,BA,NORDESTE
741,741,Fábio Fernandes,Masculino,FabioCunhaFernandes@einrot.com,1986-06-06,Salvador,BA,NORDESTE
742,742,Mateus Pereira,Masculino,MateusBarrosPereira@einrot.com,1993-03-26,Samambaia,DF,CENTRO-OESTE
743,743,Vinícius Barbosa,Masculino,ViniciusCavalcantiBarbosa@jourrapide.com,1978-01-30,Samambaia,DF,CENTRO-OESTE
744,744,Sophia Martins,Feminino,SophiaDiasMartins@cuvox.de,1950-08-31,Samambaia,DF,CENTRO-OESTE
745,745,Nicolas Alves,Masculino,NicolasBarrosAlves@teleworm.us,1956-03-03,Samambaia,DF,CENTRO-OESTE
746,746,Luiza Alves,Feminino,LuizaLimaAlves@rhyta.com,1955-07-08,Samambaia,DF,CENTRO-OESTE
747,747,Kauan Sousa,Masculino,KauanAzevedoSousa@fleckens.hu,1974-12-16,Samambaia,DF,CENTRO-OESTE
748,748,Alice Ribeiro,Feminino,AliceRochaRibeiro@supermail.com,1971-04-28,Santa Bárbara D'Oeste,SP,SUDESTE
749,749,Caio Dias,Masculino,CaioFernandesDias@gustr.com,1972-08-21,Santa Cruz do Sul,RS,SUL
750,750,Miguel Almeida,Masculino,MiguelAraujoAlmeida@supermail.com,1954-06-18,Santa Luzia,MG,SUDESTE
751,751,Felipe Pereira,Masculino,FelipeCostaPereira@cuvox.de,1968-05-31,Santa Luzia,MG,SUDESTE
752,752,Samuel Dias,Masculino,SamuelSousaDias@gustr.com,1968-09-27,Santa Luzia,MG,SUDESTE
753,753,Alice Melo,Feminino,AliceBarbosaMelo@armyspy.com,1980-11-03,Santa Rita,PB,NORDESTE
754,754,Cauã Ribeiro,Masculino,CauaCunhaRibeiro@gustr.com,1963-06-02,Santa Rita,PB,NORDESTE
755,755,Isabela Azevedo,Feminino,IsabelaMeloAzevedo@supermail.com,1966-04-28,Santarém,PA,NORTE
756,756,Gustavo Goncalves,Masculino,GustavoCorreiaGoncalves@jourrapide.com,1970-09-08,Santarém,PA,NORTE
757,757,Rafael Oliveira,Masculino,RafaelFernandesOliveira@cuvox.de,1971-01-18,Santo André,SP,SUDESTE
758,758,Fábio Pereira,Masculino,FabioDiasPereira@armyspy.com,1964-12-20,Santo André,SP,SUDESTE
759,759,Rebeca Dias,Feminino,RebecaOliveiraDias@teleworm.us,1972-11-18,Santo André,SP,SUDESTE
760,760,André Alves,Masculino,AndreSilvaAlves@supermail.com,1965-10-27,Santo André,SP,SUDESTE
761,761,Anna Castro,Feminino,AnnaRochaCastro@teleworm.us,1993-01-06,Santo André,SP,SUDESTE
762,762,Thiago Silva,Masculino,ThiagoAzevedoSilva@cuvox.de,1949-11-06,Santo André,SP,SUDESTE
763,763,Igor Ribeiro,Masculino,IgorMartinsRibeiro@einrot.com,1992-03-15,Santo André,SP,SUDESTE
764,764,Bruna Barros,Feminino,BrunaBarbosaBarros@armyspy.com,1959-04-07,Santo André,SP,SUDESTE
765,765,Luiz Dias,Masculino,LuizMartinsDias@rhyta.com,1989-10-16,Santo André,SP,SUDESTE
766,766,Vitór Rocha,Masculino,VitorLimaRocha@superrito.com,1952-12-16,Santo André,SP,SUDESTE
767,767,Vitór Martins,Masculino,VitorGomesMartins@cuvox.de,1988-08-17,Santo André,SP,SUDESTE
768,768,Júlio Melo,Masculino,JulioSilvaMelo@einrot.com,1956-05-20,Santo Antônio de Jesus,BA,NORDESTE
769,769,Júlio Pereira,Masculino,JulioSouzaPereira@supermail.com,1944-12-07,Santos,SP,SUDESTE
770,770,Julian Gomes,Masculino,JulianCarvalhoGomes@cuvox.de,1950-03-23,Santos,SP,SUDESTE
771,771,Julian Azevedo,Masculino,JulianSousaAzevedo@gustr.com,1986-09-06,São Bernardo do Campo,SP,SUDESTE
772,772,Breno Ribeiro,Masculino,BrenoPintoRibeiro@cuvox.de,1987-02-24,São Bernardo do Campo,SP,SUDESTE
773,773,Beatrice Cavalcanti,Feminino,BeatricePereiraCavalcanti@rhyta.com,1974-07-04,São Bernardo do Campo,SP,SUDESTE
774,774,Rodrigo Sousa,Masculino,RodrigoMartinsSousa@teleworm.us,1957-07-10,São Bernardo do Campo,SP,SUDESTE
775,775,Emily Goncalves,Feminino,EmilyCastroGoncalves@supermail.com,1952-02-19,São Caetano do Sul,SP,SUDESTE
776,776,Douglas Pinto,Masculino,DouglasBarrosPinto@fleckens.hu,1955-06-13,São Carlos,SP,SUDESTE
777,777,Miguel Ribeiro,Masculino,MiguelFernandesRibeiro@rhyta.com,1977-07-18,São Carlos,SP,SUDESTE
778,778,Melissa Silva,Feminino,MelissaFerreiraSilva@jourrapide.com,1955-08-28,São Gonçalo,RJ,SUDESTE
779,779,Beatrice Sousa,Feminino,BeatriceCardosoSousa@einrot.com,1982-08-12,São Gonçalo,RJ,SUDESTE
780,780,Emily Ferreira,Feminino,EmilySousaFerreira@fleckens.hu,1974-01-12,São Gonçalo,RJ,SUDESTE
781,781,Breno Gomes,Masculino,BrenoMeloGomes@armyspy.com,1958-01-21,São Gonçalo,RJ,SUDESTE
782,782,Samuel Pinto,Masculino,SamuelDiasPinto@cuvox.de,1954-07-14,São Gonçalo,RJ,SUDESTE
783,783,Brenda Dias,Feminino,BrendaFernandesDias@armyspy.com,1993-03-23,São Gonçalo,RJ,SUDESTE
784,784,Luiza Rocha,Feminino,LuizaMeloRocha@jourrapide.com,1978-08-09,São Gonçalo,RJ,SUDESTE
785,785,Vitória Gomes,Feminino,VitoriaRibeiroGomes@gustr.com,1991-02-18,São Gonçalo,RJ,SUDESTE
786,786,Nicole Almeida,Feminino,NicoleCastroAlmeida@supermail.com,1959-03-18,São Gonçalo,RJ,SUDESTE
787,787,Paulo Goncalves,Masculino,PauloSilvaGoncalves@armyspy.com,1958-09-22,São Gonçalo,RJ,SUDESTE
788,788,Marina Oliveira,Feminino,MarinaCorreiaOliveira@superrito.com,1981-04-13,São João da Boa Vista,SP,SUDESTE
789,789,Pedro Ferreira,Masculino,PedroPereiraFerreira@fleckens.hu,1952-10-18,São João de Meriti,RJ,SUDESTE
790,790,Alex Souza,Masculino,AlexAlmeidaSouza@superrito.com,1953-03-07,São João de Meriti,RJ,SUDESTE
791,791,Lara Silva,Feminino,LaraMartinsSilva@rhyta.com,1966-10-27,São João de Meriti,RJ,SUDESTE
792,792,Tiago Santos,Masculino,TiagoMeloSantos@teleworm.us,1944-10-03,São João de Meriti,RJ,SUDESTE
793,793,Martim Correia,Masculino,MartimMeloCorreia@rhyta.com,1987-05-26,São João de Meriti,RJ,SUDESTE
794,794,Leila Silva,Feminino,LeilaCarvalhoSilva@superrito.com,1971-05-08,São João Del Rei,MG,SUDESTE
795,795,Bruno Sousa,Masculino,BrunoPintoSousa@armyspy.com,1951-07-30,São José,SC,SUL
796,796,Tânia Pinto,Feminino,TaniaRochaPinto@einrot.com,1991-12-12,São José,SC,SUL
797,797,Leonardo Souza,Masculino,LeonardoDiasSouza@cuvox.de,1980-04-20,São José,SC,SUL
798,798,Luis Ribeiro,Masculino,LuisSilvaRibeiro@einrot.com,1953-01-03,São José do Rio Preto,SP,SUDESTE
799,799,Isabelle Castro,Feminino,IsabelleCardosoCastro@cuvox.de,1972-11-06,São José do Rio Preto,SP,SUDESTE
800,800,Nicolash Cunha,Masculino,NicolashSouzaCunha@fleckens.hu,1965-06-05,São José do Rio Preto,SP,SUDESTE
801,801,Kauã Ferreira,Masculino,KauaSousaFerreira@teleworm.us,1994-07-09,São José dos Campos,SP,SUDESTE
802,802,Júlia Sousa,Feminino,JuliaFernandesSousa@supermail.com,1958-08-23,São José dos Campos,SP,SUDESTE
803,803,Vitor Santos,Masculino,VitorPereiraSantos@teleworm.us,1949-03-02,São José dos Campos,SP,SUDESTE
804,804,Luís Souza,Masculino,LuisMartinsSouza@armyspy.com,1990-03-05,São José dos Campos,SP,SUDESTE
805,805,José Almeida,Masculino,JoseRochaAlmeida@einrot.com,1977-04-19,São José dos Campos,SP,SUDESTE
806,806,Victor Santos,Masculino,VictorAlvesSantos@gustr.com,1992-12-22,São José dos Pinhais,PR,SUL
807,807,Leila Goncalves,Feminino,LeilaCorreiaGoncalves@jourrapide.com,1969-05-20,São José dos Pinhais,PR,SUL
808,808,Emilly Rodrigues,Feminino,EmillyCostaRodrigues@einrot.com,1971-11-01,São José dos Pinhais,PR,SUL
809,809,Cauã Carvalho,Masculino,CauaMartinsCarvalho@jourrapide.com,1989-02-19,São José dos Pinhais,PR,SUL
810,810,Vitoria Araujo,Feminino,VitoriaCardosoAraujo@cuvox.de,1962-08-06,São José dos Pinhais,PR,SUL
811,811,Marisa Melo,Feminino,MarisaAraujoMelo@supermail.com,1960-01-20,São Leopoldo,RS,SUL
812,812,Thiago Rodrigues,Masculino,ThiagoAlmeidaRodrigues@rhyta.com,1967-10-30,São Leopoldo,RS,SUL
813,813,Julian Rodrigues,Masculino,JulianMartinsRodrigues@supermail.com,1982-05-24,São Leopoldo,RS,SUL
814,814,Tiago Barros,Masculino,TiagoAraujoBarros@jourrapide.com,1987-03-07,São Leopoldo,RS,SUL
815,815,André Rocha,Masculino,AndreSantosRocha@cuvox.de,1951-08-08,São Lourenço da Mata,PE,NORDESTE
816,816,Tomás Fernandes,Masculino,TomasCastroFernandes@fleckens.hu,1965-05-11,São Lourenço da Mata,PE,NORDESTE
817,817,Nicolash Ribeiro,Masculino,NicolashAzevedoRibeiro@supermail.com,1962-05-31,São Luís,MA,NORDESTE
818,818,Kauã Lima,Masculino,KauaFerreiraLima@gustr.com,1953-07-23,São Luís,MA,NORDESTE
819,819,Marina Goncalves,Feminino,MarinaRochaGoncalves@teleworm.us,1954-03-29,São Luís,MA,NORDESTE
820,820,Vitor Azevedo,Masculino,VitorFernandesAzevedo@einrot.com,1946-07-11,São Luís,MA,NORDESTE
821,821,Nicolas Oliveira,Masculino,NicolasLimaOliveira@einrot.com,1992-04-30,São Luís,MA,NORDESTE
822,822,Fábio Cavalcanti,Masculino,FabioSilvaCavalcanti@gustr.com,1965-05-27,São Luís,MA,NORDESTE
823,823,Danilo Araujo,Masculino,DaniloFerreiraAraujo@superrito.com,1968-11-16,São Luís,MA,NORDESTE
824,824,Danilo Pinto,Masculino,DaniloRochaPinto@cuvox.de,1979-04-30,São Luís,MA,NORDESTE
825,825,Alice Araujo,Feminino,AliceCardosoAraujo@superrito.com,1969-02-25,São Luís,MA,NORDESTE
826,826,Carolina Ribeiro,Feminino,CarolinaMartinsRibeiro@fleckens.hu,1971-04-24,São Luís,MA,NORDESTE
827,827,Rafaela Azevedo,Feminino,RafaelaBarrosAzevedo@fleckens.hu,1970-09-13,São Luís,MA,NORDESTE
828,828,Julian Azevedo,Masculino,JulianCostaAzevedo@armyspy.com,1980-06-11,São Luís,MA,NORDESTE
829,829,Larissa Melo,Feminino,LarissaDiasMelo@jourrapide.com,1975-07-06,São Paulo,SP,SUDESTE
830,830,Leila Carvalho,Feminino,LeilaCostaCarvalho@jourrapide.com,1946-07-22,São Paulo,SP,SUDESTE
831,831,Luís Barros,Masculino,LuisSilvaBarros@armyspy.com,1952-03-03,São Paulo,SP,SUDESTE
832,832,Tânia Pinto,Feminino,TaniaPereiraPinto@superrito.com,1990-03-29,São Paulo,SP,SUDESTE
833,833,Júlia Pinto,Feminino,JuliaCorreiaPinto@gustr.com,1964-06-01,São Paulo,SP,SUDESTE
834,834,Alice Santos,Feminino,AliceMartinsSantos@armyspy.com,1984-04-08,São Paulo,SP,SUDESTE
835,835,Alex Sousa,Masculino,AlexCastroSousa@jourrapide.com,1950-12-13,São Paulo,SP,SUDESTE
836,836,Leonardo Barbosa,Masculino,LeonardoCorreiaBarbosa@fleckens.hu,1989-09-30,São Paulo,SP,SUDESTE
837,837,Vinicius Rocha,Masculino,ViniciusSouzaRocha@cuvox.de,1959-08-01,São Paulo,SP,SUDESTE
838,838,Giovana Cardoso,Feminino,GiovanaBarbosaCardoso@gustr.com,1975-06-26,São Paulo,SP,SUDESTE
839,839,Gabrielle Fernandes,Feminino,GabrielleAlvesFernandes@rhyta.com,1951-07-24,São Paulo,SP,SUDESTE
840,840,Isabela Souza,Feminino,IsabelaCavalcantiSouza@armyspy.com,1943-05-28,São Paulo,SP,SUDESTE
841,841,Gabriela Rodrigues,Feminino,GabrielaPintoRodrigues@armyspy.com,1977-11-08,São Paulo,SP,SUDESTE
842,842,Danilo Souza,Masculino,DaniloSantosSouza@cuvox.de,1956-03-25,São Paulo,SP,SUDESTE
843,843,Rodrigo Barbosa,Masculino,RodrigoAlvesBarbosa@rhyta.com,1994-01-24,São Paulo,SP,SUDESTE
844,844,Luís Ribeiro,Masculino,LuisBarbosaRibeiro@fleckens.hu,1970-02-02,São Paulo,SP,SUDESTE
845,845,Samuel Gomes,Masculino,SamuelMartinsGomes@superrito.com,1943-12-27,São Paulo,SP,SUDESTE
846,846,Luan Oliveira,Masculino,LuanRochaOliveira@superrito.com,1943-05-10,São Paulo,SP,SUDESTE
847,847,Kai Correia,Masculino,KaiCostaCorreia@superrito.com,1966-08-25,São Paulo,SP,SUDESTE
848,848,Eduardo Rodrigues,Masculino,EduardoBarrosRodrigues@jourrapide.com,1970-03-01,São Paulo,SP,SUDESTE
849,849,Rafael Silva,Masculino,RafaelRodriguesSilva@armyspy.com,1946-06-18,São Paulo,SP,SUDESTE
850,850,Igor Fernandes,Masculino,IgorRodriguesFernandes@cuvox.de,1983-05-29,São Paulo,SP,SUDESTE
851,851,Kauê Silva,Masculino,KaueCarvalhoSilva@teleworm.us,1959-10-20,São Paulo,SP,SUDESTE
852,852,Arthur Costa,Masculino,ArthurGoncalvesCosta@supermail.com,1981-12-12,São Paulo,SP,SUDESTE
853,853,Miguel Silva,Masculino,MiguelCastroSilva@jourrapide.com,1953-04-26,São Paulo,SP,SUDESTE
854,854,Eduarda Barros,Feminino,EduardaCorreiaBarros@einrot.com,1984-05-27,São Paulo,SP,SUDESTE
855,855,Otávio Pereira,Masculino,OtavioCunhaPereira@jourrapide.com,1992-01-30,São Paulo,SP,SUDESTE
856,856,Vinícius Souza,Masculino,ViniciusCavalcantiSouza@supermail.com,1961-09-18,São Paulo,SP,SUDESTE
857,857,Luana Goncalves,Feminino,LuanaRochaGoncalves@armyspy.com,1965-08-28,São Paulo,SP,SUDESTE
858,858,João Silva,Masculino,JoaoRibeiroSilva@supermail.com,1973-11-11,São Paulo,SP,SUDESTE
859,859,Lucas Martins,Masculino,LucasAlmeidaMartins@einrot.com,1977-02-17,São Paulo,SP,SUDESTE
860,860,Samuel Barbosa,Masculino,SamuelAlmeidaBarbosa@supermail.com,1963-02-08,São Paulo,SP,SUDESTE
861,861,Luan Ribeiro,Masculino,LuanSilvaRibeiro@superrito.com,1987-09-26,São Paulo,SP,SUDESTE
862,862,Alice Azevedo,Feminino,AliceBarbosaAzevedo@jourrapide.com,1953-12-16,São Paulo,SP,SUDESTE
863,863,Ana Carvalho,Feminino,AnaCorreiaCarvalho@supermail.com,1945-12-06,São Paulo,SP,SUDESTE
864,864,Julian Castro,Masculino,JulianCostaCastro@armyspy.com,1976-12-08,São Paulo,SP,SUDESTE
865,865,Tomás Goncalves,Masculino,TomasCastroGoncalves@jourrapide.com,1945-11-30,São Paulo,SP,SUDESTE
866,866,Murilo Oliveira,Masculino,MuriloRodriguesOliveira@cuvox.de,1946-02-20,São Paulo,SP,SUDESTE
867,867,Luis Araujo,Masculino,LuisCavalcantiAraujo@supermail.com,1980-08-11,São Paulo,SP,SUDESTE
868,868,Cauã Pereira,Masculino,CauaCunhaPereira@einrot.com,1981-05-31,São Paulo,SP,SUDESTE
869,869,Matheus Barros,Masculino,MatheusRodriguesBarros@rhyta.com,1952-03-25,São Paulo,SP,SUDESTE
870,870,Miguel Barros,Masculino,MiguelPereiraBarros@cuvox.de,1989-08-08,São Paulo,SP,SUDESTE
871,871,Ryan Cunha,Masculino,RyanGomesCunha@gustr.com,1986-09-08,São Paulo,SP,SUDESTE
872,872,Erick Rodrigues,Masculino,ErickCorreiaRodrigues@gustr.com,1979-09-16,São Paulo,SP,SUDESTE
873,873,Guilherme Lima,Masculino,GuilhermeCostaLima@supermail.com,1951-09-28,São Paulo,SP,SUDESTE
874,874,Rafael Fernandes,Masculino,RafaelSousaFernandes@gustr.com,1990-11-02,São Paulo,SP,SUDESTE
875,875,Kauê Carvalho,Masculino,KaueSousaCarvalho@jourrapide.com,1980-10-12,São Paulo,SP,SUDESTE
876,876,Leila Barbosa,Feminino,LeilaCostaBarbosa@rhyta.com,1966-01-12,São Paulo,SP,SUDESTE
877,877,Beatriz Fernandes,Feminino,BeatrizSilvaFernandes@einrot.com,1952-12-26,São Paulo,SP,SUDESTE
878,878,Julian Correia,Masculino,JulianMartinsCorreia@armyspy.com,1974-10-20,São Paulo,SP,SUDESTE
879,879,André Alves,Masculino,AndreRibeiroAlves@teleworm.us,1992-06-19,São Paulo,SP,SUDESTE
880,880,Pedro Pinto,Masculino,PedroLimaPinto@gustr.com,1980-05-28,São Paulo,SP,SUDESTE
881,881,Marcos Pinto,Masculino,MarcosGoncalvesPinto@armyspy.com,1976-05-02,São Paulo,SP,SUDESTE
882,882,Luiza Oliveira,Feminino,LuizaPintoOliveira@rhyta.com,1963-04-30,São Paulo,SP,SUDESTE
883,883,Vitoria Goncalves,Feminino,VitoriaOliveiraGoncalves@supermail.com,1944-09-25,São Paulo,SP,SUDESTE
884,884,Bruno Correia,Masculino,BrunoCunhaCorreia@cuvox.de,1945-01-20,São Paulo,SP,SUDESTE
885,885,Rafaela Oliveira,Feminino,RafaelaCostaOliveira@fleckens.hu,1972-06-24,São Paulo,SP,SUDESTE
886,886,Sofia Fernandes,Feminino,SofiaGoncalvesFernandes@jourrapide.com,1949-06-16,São Paulo,SP,SUDESTE
887,887,Laura Cavalcanti,Feminino,LauraSantosCavalcanti@fleckens.hu,1949-06-21,São Paulo,SP,SUDESTE
888,888,Renan Costa,Masculino,RenanAlmeidaCosta@rhyta.com,1963-12-02,São Paulo,SP,SUDESTE
889,889,Erick Costa,Masculino,ErickRodriguesCosta@jourrapide.com,1987-08-09,São Paulo,SP,SUDESTE
890,890,Isabella Almeida,Feminino,IsabellaAraujoAlmeida@cuvox.de,1969-03-14,São Paulo,SP,SUDESTE
891,891,Otávio Goncalves,Masculino,OtavioCardosoGoncalves@superrito.com,1985-05-03,São Paulo,SP,SUDESTE
892,892,Livia Almeida,Feminino,LiviaBarrosAlmeida@einrot.com,1990-05-05,São Paulo,SP,SUDESTE
893,893,Daniel Carvalho,Masculino,DanielFerreiraCarvalho@cuvox.de,1954-04-02,São Paulo,SP,SUDESTE
894,894,Diego Souza,Masculino,DiegoPintoSouza@fleckens.hu,1954-11-15,São Paulo,SP,SUDESTE
895,895,Fábio Ferreira,Masculino,FabioSousaFerreira@superrito.com,1986-09-14,São Paulo,SP,SUDESTE
896,896,Thiago Costa,Masculino,ThiagoSousaCosta@cuvox.de,1960-01-01,São Paulo,SP,SUDESTE
897,897,Luis Araujo,Masculino,LuisSousaAraujo@jourrapide.com,1965-02-07,São Paulo,SP,SUDESTE
898,898,Kauan Costa,Masculino,KauanBarrosCosta@superrito.com,1990-09-15,São Paulo,SP,SUDESTE
899,899,Giovanna Rocha,Feminino,GiovannaCastroRocha@gustr.com,1976-07-30,São Paulo,SP,SUDESTE
900,900,Eduardo Fernandes,Masculino,EduardoRibeiroFernandes@teleworm.us,1992-02-20,São Paulo,SP,SUDESTE
901,901,Carolina Goncalves,Feminino,CarolinaSousaGoncalves@cuvox.de,1954-09-09,São Paulo,SP,SUDESTE
902,902,Rebeca Santos,Feminino,RebecaSouzaSantos@rhyta.com,1948-04-03,São Roque,SP,SUDESTE
903,903,Carlos Pinto,Masculino,CarlosSilvaPinto@jourrapide.com,1951-09-14,São Sebastião,DF,CENTRO-OESTE
904,904,Júlia Goncalves,Feminino,JuliaCastroGoncalves@supermail.com,1951-11-21,São Vicente,SP,SUDESTE
905,905,José Santos,Masculino,JoseLimaSantos@teleworm.us,1990-02-23,São Vicente,SP,SUDESTE
906,906,Vitória Dias,Feminino,VitoriaFernandesDias@supermail.com,1984-01-28,Sarandi,PR,SUL
907,907,Tomás Almeida,Masculino,TomasSousaAlmeida@superrito.com,1958-10-20,Sarandi,PR,SUL
908,908,Letícia Souza,Feminino,LeticiaOliveiraSouza@einrot.com,1979-07-26,Serra,ES,SUDESTE
909,909,Vitór Cardoso,Masculino,VitorRibeiroCardoso@armyspy.com,1987-11-12,Serra,ES,SUDESTE
910,910,Matheus Rodrigues,Masculino,MatheusDiasRodrigues@cuvox.de,1951-06-30,Serra Talhada,PE,NORDESTE
911,911,Luís Cardoso,Masculino,LuisLimaCardoso@rhyta.com,1986-10-15,Sertãozinho,SP,SUDESTE
912,912,Daniel Cardoso,Masculino,DanielCastroCardoso@teleworm.us,1994-04-16,Sertãozinho,SP,SUDESTE
913,913,Lara Goncalves,Feminino,LaraCastroGoncalves@einrot.com,1963-09-07,Sete Lagoas,MG,SUDESTE
914,914,Ryan Souza,Masculino,RyanSilvaSouza@superrito.com,1982-10-15,Sete Lagoas,MG,SUDESTE
915,915,Martim Barbosa,Masculino,MartimCorreiaBarbosa@armyspy.com,1968-05-22,Sete Lagoas,MG,SUDESTE
916,916,Clara Cunha,Feminino,ClaraBarrosCunha@teleworm.us,1990-09-03,Sete Lagoas,MG,SUDESTE
917,917,Kauê Santos,Masculino,KaueOliveiraSantos@teleworm.us,1953-07-01,Sobral,CE,NORDESTE
918,918,Vitór Ferreira,Masculino,VitorPintoFerreira@einrot.com,1983-05-31,Sorocaba,SP,SUDESTE
919,919,Breno Correia,Masculino,BrenoCostaCorreia@einrot.com,1979-04-02,Sorocaba,SP,SUDESTE
920,920,Martim Pereira,Masculino,MartimOliveiraPereira@supermail.com,1961-11-02,Sorocaba,SP,SUDESTE
921,921,Ana Fernandes,Feminino,AnaCastroFernandes@cuvox.de,1952-08-30,Sorocaba,SP,SUDESTE
922,922,Beatrice Araujo,Feminino,BeatriceFernandesAraujo@gustr.com,1987-12-14,Sorocaba,SP,SUDESTE
923,923,Luiza Barros,Feminino,LuizaPintoBarros@jourrapide.com,1975-11-28,Sorocaba,SP,SUDESTE
924,924,Luan Rocha,Masculino,LuanRibeiroRocha@gustr.com,1991-03-16,Sorocaba,SP,SUDESTE
925,925,Kai Ribeiro,Masculino,KaiOliveiraRibeiro@cuvox.de,1992-01-18,Sousa,PB,NORDESTE
926,926,Eduardo Rodrigues,Masculino,EduardoSouzaRodrigues@jourrapide.com,1949-01-17,Sumaré,SP,SUDESTE
927,927,Joao Barros,Masculino,JoaoSilvaBarros@einrot.com,1986-11-21,Sumaré,SP,SUDESTE
928,928,Luiz Almeida,Masculino,LuizCardosoAlmeida@einrot.com,1956-09-06,Suzano,SP,SUDESTE
929,929,Vitória Azevedo,Feminino,VitoriaSilvaAzevedo@gustr.com,1992-09-09,Suzano,SP,SUDESTE
930,930,Cauã Fernandes,Masculino,CauaAzevedoFernandes@einrot.com,1975-05-13,Suzano,SP,SUDESTE
931,931,Leonardo Sousa,Masculino,LeonardoFerreiraSousa@gustr.com,1962-03-07,Taboão da Serra,SP,SUDESTE
932,932,Vinicius Fernandes,Masculino,ViniciusAzevedoFernandes@teleworm.us,1970-05-10,Taboão da Serra,SP,SUDESTE
933,933,Estevan Martins,Masculino,EstevanCostaMartins@jourrapide.com,1966-01-28,Taboão da Serra,SP,SUDESTE
934,934,Isabelle Souza,Feminino,IsabelleRibeiroSouza@jourrapide.com,1990-01-10,Taboão da Serra,SP,SUDESTE
935,935,Breno Goncalves,Masculino,BrenoRibeiroGoncalves@jourrapide.com,1949-08-23,Taguatinga,DF,CENTRO-OESTE
936,936,Marisa Correia,Feminino,MarisaCostaCorreia@superrito.com,1984-11-05,Taguatinga,DF,CENTRO-OESTE
937,937,Rodrigo Barros,Masculino,RodrigoGomesBarros@fleckens.hu,1949-11-21,Tatuí,SP,SUDESTE
938,938,Mateus Fernandes,Masculino,MateusMeloFernandes@supermail.com,1982-01-26,Tatuí,SP,SUDESTE
939,939,Estevan Araujo,Masculino,EstevanBarbosaAraujo@gustr.com,1950-09-28,Tatuí,SP,SUDESTE
940,940,Luiz Sousa,Masculino,LuizDiasSousa@einrot.com,1992-08-16,Tatuí,SP,SUDESTE
941,941,Eduardo Carvalho,Masculino,EduardoAlmeidaCarvalho@superrito.com,1990-01-13,Taubaté,SP,SUDESTE
942,942,Luan Araujo,Masculino,LuanFernandesAraujo@armyspy.com,1975-09-03,Taubaté,SP,SUDESTE
943,943,Evelyn Barros,Feminino,EvelynSousaBarros@superrito.com,1943-05-23,Taubaté,SP,SUDESTE
944,944,Arthur Santos,Masculino,ArthurRibeiroSantos@fleckens.hu,1980-01-03,Teófilo Otoni,MG,SUDESTE
945,945,Nicolas Barros,Masculino,NicolasMeloBarros@fleckens.hu,1988-12-06,Teresina,PI,NORDESTE
946,946,Rodrigo Castro,Masculino,RodrigoAzevedoCastro@rhyta.com,1953-03-02,Teresina,PI,NORDESTE
947,947,Kaua Rodrigues,Masculino,KauaLimaRodrigues@jourrapide.com,1990-03-01,Teresópolis,RJ,SUDESTE
948,948,Pedro Barros,Masculino,PedroSousaBarros@superrito.com,1952-07-12,Toledo,PR,SUL
949,949,Kauã Almeida,Masculino,KauaAraujoAlmeida@supermail.com,1960-04-11,Três Rios,RJ,SUDESTE
950,950,Kauan Barbosa,Masculino,KauanMartinsBarbosa@superrito.com,1959-10-24,Tucuruí,PA,NORTE
951,951,Luís Pinto,Masculino,LuisSantosPinto@armyspy.com,1947-12-07,Tupã,SP,SUDESTE
952,952,Marisa Oliveira,Feminino,MarisaFerreiraOliveira@fleckens.hu,1960-12-22,Tupã,SP,SUDESTE
953,953,Bruna Ribeiro,Feminino,BrunaFernandesRibeiro@jourrapide.com,1947-09-05,Uberaba,MG,SUDESTE
954,954,Enzo Alves,Masculino,EnzoLimaAlves@fleckens.hu,1989-07-30,Uberaba,MG,SUDESTE
955,955,Nicolash Cavalcanti,Masculino,NicolashAlmeidaCavalcanti@rhyta.com,1962-05-23,Uberaba,MG,SUDESTE
956,956,Raissa Sousa,Feminino,RaissaRochaSousa@einrot.com,1953-10-15,Uberaba,MG,SUDESTE
957,957,Diogo Cardoso,Masculino,DiogoRibeiroCardoso@rhyta.com,1966-02-06,Uberaba,MG,SUDESTE
958,958,Kauã Fernandes,Masculino,KauaAraujoFernandes@rhyta.com,1955-07-01,Uberaba,MG,SUDESTE
959,959,Leonor Alves,Feminino,LeonorCostaAlves@rhyta.com,1974-09-19,Uberlândia,MG,SUDESTE
960,960,Ana Almeida,Feminino,AnaLimaAlmeida@armyspy.com,1952-09-20,Uberlândia,MG,SUDESTE
961,961,Júlia Araujo,Feminino,JuliaSouzaAraujo@fleckens.hu,1978-05-24,Uberlândia,MG,SUDESTE
962,962,Daniel Correia,Masculino,DanielRochaCorreia@armyspy.com,1985-02-02,Uberlândia,MG,SUDESTE
963,963,Nicole Goncalves,Feminino,NicoleCostaGoncalves@gustr.com,1950-10-26,Uberlândia,MG,SUDESTE
964,964,Felipe Martins,Masculino,FelipeCostaMartins@cuvox.de,1975-02-06,Uberlândia,MG,SUDESTE
965,965,Rebeca Ferreira,Feminino,RebecaRibeiroFerreira@teleworm.us,1956-03-18,Umuarama,PR,SUL
966,966,Danilo Castro,Masculino,DaniloDiasCastro@cuvox.de,1970-04-27,Umuarama,PR,SUL
967,967,Kaua Sousa,Masculino,KauaFerreiraSousa@teleworm.us,1993-04-23,Umuarama,PR,SUL
968,968,Amanda Almeida,Feminino,AmandaBarbosaAlmeida@rhyta.com,1994-03-20,Umuarama,PR,SUL
969,969,Thaís Oliveira,Feminino,ThaisDiasOliveira@cuvox.de,1981-08-14,Umuarama,PR,SUL
970,970,Larissa Rodrigues,Feminino,LarissaPereiraRodrigues@cuvox.de,1990-05-16,Valinhos,SP,SUDESTE
971,971,Alex Alves,Masculino,AlexSantosAlves@supermail.com,1959-10-01,Valinhos,SP,SUDESTE
972,972,Sarah Alves,Feminino,SarahPereiraAlves@supermail.com,1964-11-26,Valinhos,SP,SUDESTE
973,973,Victor Barbosa,Masculino,VictorFerreiraBarbosa@jourrapide.com,1986-09-07,Valinhos,SP,SUDESTE
974,974,Ana Alves,Feminino,AnaMartinsAlves@cuvox.de,1953-06-18,Valinhos,SP,SUDESTE
975,975,Guilherme Ribeiro,Masculino,GuilhermePereiraRibeiro@cuvox.de,1964-06-05,Valparaíso de Goiás,GO,CENTRO-OESTE
976,976,Maria Almeida,Feminino,MariaSilvaAlmeida@gustr.com,1951-02-06,Várzea Grande,MT,CENTRO-OESTE
977,977,Tomás Cavalcanti,Masculino,TomasOliveiraCavalcanti@jourrapide.com,1968-10-12,Várzea Grande,MT,CENTRO-OESTE
978,978,Nicole Alves,Feminino,NicoleCostaAlves@superrito.com,1981-03-15,Várzea Paulista,SP,SUDESTE
979,979,Nicolash Ferreira,Masculino,NicolashRochaFerreira@supermail.com,1986-08-03,Viamão,RS,SUL
980,980,Vitoria Melo,Feminino,VitoriaCardosoMelo@supermail.com,1962-03-06,Viamão,RS,SUL
981,981,Tomás Carvalho,Masculino,TomasSantosCarvalho@teleworm.us,1961-03-03,Viamão,RS,SUL
982,982,Rodrigo Costa,Masculino,RodrigoGomesCosta@supermail.com,1990-10-30,Viamão,RS,SUL
983,983,Nicolas Melo,Masculino,NicolasCavalcantiMelo@rhyta.com,1990-08-06,Vila Velha,ES,SUDESTE
984,984,Carlos Cunha,Masculino,CarlosAlvesCunha@armyspy.com,1966-12-02,Vila Velha,ES,SUDESTE
985,985,Samuel Araujo,Masculino,SamuelBarrosAraujo@jourrapide.com,1950-11-26,Vila Velha,ES,SUDESTE
986,986,Manuela Carvalho,Feminino,ManuelaFernandesCarvalho@superrito.com,1974-06-12,Vitória,ES,SUDESTE
987,987,Letícia Barbosa,Feminino,LeticiaCastroBarbosa@einrot.com,1951-03-05,Vitória,ES,SUDESTE
988,988,Ágatha Correia,Feminino,AgathaPintoCorreia@superrito.com,1968-12-28,Vitória,ES,SUDESTE
989,989,Kauã Fernandes,Masculino,KauaCunhaFernandes@rhyta.com,1987-10-09,Vitória,ES,SUDESTE
990,990,Estevan Fernandes,Masculino,EstevanAzevedoFernandes@rhyta.com,1964-03-23,Vitória,ES,SUDESTE
991,991,Lucas Correia,Masculino,LucasCostaCorreia@teleworm.us,1989-05-22,Vitória da Conquista,BA,NORDESTE
992,992,Kaua Fernandes,Masculino,KauaSousaFernandes@armyspy.com,1979-06-20,Vitória da Conquista,BA,NORDESTE
993,993,Amanda Santos,Feminino,AmandaBarrosSantos@superrito.com,1947-02-13,Vitória da Conquista,BA,NORDESTE
994,994,Guilherme Martins,Masculino,GuilhermeBarrosMartins@fleckens.hu,1955-07-03,Vitória de Santo Antão,PE,NORDESTE
995,995,Rodrigo Cardoso,Masculino,RodrigoAzevedoCardoso@gustr.com,1970-02-21,Vitória de Santo Antão,PE,NORDESTE
996,996,Sophia Sousa,Feminino,SophiaRochaSousa@cuvox.de,1988-09-15,Volta Redonda,RJ,SUDESTE
997,997,Vitór Ferreira,Masculino,VitorFernandesFerreira@armyspy.com,1991-10-19,Volta Redonda,RJ,SUDESTE
998,998,Joao Barbosa,Masculino,JoaoGomesBarbosa@rhyta.com,1952-07-10,Volta Redonda,RJ,SUDESTE
999,999,Antônio Correia,Masculino,AntonioRochaCorreia@cuvox.de,1983-10-04,Volta Redonda,RJ,SUDESTE
1000,1000,Cauã Araujo,Masculino,CauaOliveiraAraujo@einrot.com,1958-05-09,Votuporanga,SP,SUDESTE
