id,nome,sobrenome,email,sexo,departamento
1,Gilbert,Folke,gfolke0@nasa.gov,Male,Garden
2,Lambert,Lebang,llebang1@squarespace.com,Male,Health
3,Guthrie,Jeal,gjeal2@twitpic.com,Male,Baby
4,Ulrika,Hardy,uhardy3@google.it,Female,Sports
5,Dominga,Prati,dprati4@wsj.com,Female,Games
6,Gaven,Elliss,gelliss5@phoca.cz,Male,Tools
7,Rosanna,Elderfield,relderfield6@independent.co.uk,Female,Shoes
8,Kean,Hallet,khallet7@drupal.org,Male,Games
9,Philomena,Tarren,ptarren8@alexa.com,Female,Games
10,Suellen,Abarough,sabarough9@biblegateway.com,Female,Beauty
11,Roderic,Cleife,rcleifea@ucsd.edu,Male,Jewelry
12,Nicolai,Livett,nlivettb@51.la,Male,Jewelry
13,Wilbert,Seathwright,wseathwrightc@t.co,Male,Automotive
14,Darnall,Grayley,dgrayleyd@ihg.com,Agender,Industrial
15,Deloris,Gillani,dgillanie@webs.com,Female,Outdoors
16,Maurita,Treske,mtreskef@foxnews.com,Female,Industrial
17,Dallon,Ruberry,druberryg@who.int,Male,Computers
18,Ossie,Gaven,ogavenh@google.com.br,Male,Sports
19,Fernando,Doumic,fdoumici@hao123.com,Male,Games
20,Cecelia,Boydell,cboydellj@bluehost.com,Non-binary,Shoes
21,Sheryl,Phil,sphilk@scientificamerican.com,Female,Garden
22,Andi,Alyonov,aalyonovl@auda.org.au,Female,Grocery
23,Hadrian,McCorry,hmccorrym@npr.org,Male,Games
24,Phylis,Pavier,ppaviern@multiply.com,Female,Beauty
25,Sharia,Bariball,sbariballo@plala.or.jp,Genderfluid,Music
26,Cloe,Walsham,cwalshamp@auda.org.au,Female,Computers
27,Kristen,Bummfrey,kbummfreyq@rediff.com,Female,Health
28,Ross,Maleney,rmaleneyr@usa.gov,Male,Garden
29,Jarad,Ramm,jramms@ucsd.edu,Male,Outdoors
30,Myrwyn,Nuss,mnusst@booking.com,Male,Home
31,Federico,Wicks,fwicksu@instagram.com,Male,Jewelry
32,Ludovico,Tradewell,ltradewellv@forbes.com,Male,Baby
33,Minta,Donahue,mdonahuew@ucsd.edu,Female,Baby
34,Pansy,Creek,pcreekx@cafepress.com,Female,Outdoors
35,Leanna,Bottrill,lbottrilly@netvibes.com,Female,Sports
36,Silvio,Rouge,srougez@java.com,Male,Kids
37,Bobby,Ratter,bratter10@imgur.com,Male,Music
38,Jerrome,Trahmel,jtrahmel11@mlb.com,Male,Health
39,Brooke,Abba,babba12@livejournal.com,Agender,Sports
40,Geralda,Duncan,gduncan13@ning.com,Female,Shoes
41,Piotr,Beeby,pbeeby14@yahoo.com,Male,Books
42,Shayla,Dat,sdat15@columbia.edu,Female,Home
43,Mathias,Paulitschke,mpaulitschke16@topsy.com,Male,Home
44,Kaela,Mathew,kmathew17@epa.gov,Female,Industrial
45,Jana,Dupree,jdupree18@purevolume.com,Female,Garden
46,Matteo,Packham,mpackham19@boston.com,Male,Movies
47,Reidar,Antonomolii,rantonomolii1a@bigcartel.com,Male,Movies
48,Jemimah,Baiden,jbaiden1b@prnewswire.com,Female,Garden
49,Vivyanne,Dunton,vdunton1c@webmd.com,Female,Tools
50,Siward,Espinoza,sespinoza1d@intel.com,Male,Toys
51,Devy,Scurrah,dscurrah1e@discovery.com,Male,Kids
52,Alvis,Bulfit,abulfit1f@cargocollective.com,Male,Computers
53,Morris,Walsh,mwalsh1g@gov.uk,Male,Movies
54,Ranee,Pardey,rpardey1h@seesaa.net,Female,Home
55,Caron,Scorer,cscorer1i@soundcloud.com,Female,Beauty
56,Dniren,Dorrian,ddorrian1j@java.com,Female,Health
57,Marietta,Houston,mhouston1k@devhub.com,Female,Shoes
58,Minnie,Bennedick,mbennedick1l@google.co.uk,Female,Sports
59,Francyne,Crippill,fcrippill1m@forbes.com,Female,Books
60,Yvonne,Christie,ychristie1n@odnoklassniki.ru,Female,Music
61,Harwilll,Oliveira,holiveira1o@sbwire.com,Genderfluid,Books
62,Gilles,Challace,gchallace1p@facebook.com,Male,Games
63,Desmond,Boynton,dboynton1q@g.co,Male,Music
64,Christian,Kelby,ckelby1r@reverbnation.com,Male,Industrial
65,Dill,Scutt,dscutt1s@gov.uk,Male,Shoes
66,Roobbie,Smythin,rsmythin1t@gmpg.org,Female,Shoes
67,Kesley,Pleasants,kpleasants1u@yelp.com,Polygender,Outdoors
68,Lorry,Fellini,lfellini1v@auda.org.au,Male,Clothing
69,Peggy,Cicchinelli,pcicchinelli1w@nps.gov,Female,Health
70,Tad,Whightman,twhightman1x@123-reg.co.uk,Male,Computers
71,Zsazsa,Leverentz,zleverentz1y@drupal.org,Female,Automotive
72,Silvano,Busch,sbusch1z@loc.gov,Male,Industrial
73,Danita,Honniebal,dhonniebal20@census.gov,Genderqueer,Computers
74,Inge,Neve,ineve21@wikispaces.com,Female,Sports
75,Prudy,Esch,pesch22@gizmodo.com,Female,Kids
76,Vivian,Bolstridge,vbolstridge23@tuttocitta.it,Female,Clothing
77,Rosemonde,Vinden,rvinden24@people.com.cn,Female,Home
78,Levin,Grant,lgrant25@nationalgeographic.com,Male,Jewelry
79,Robbie,Micheli,rmicheli26@oakley.com,Male,Clothing
80,Ajay,Harrell,aharrell27@amazonaws.com,Female,Toys
81,Nathan,Christian,nchristian28@51.la,Male,Health
82,Hugh,Fleis,hfleis29@yelp.com,Male,Shoes
83,Gordie,Hopewell,ghopewell2a@fema.gov,Male,Garden
84,Welsh,Bending,wbending2b@oakley.com,Male,Books
85,Kandy,Prestige,kprestige2c@boston.com,Female,Shoes
86,Hermie,Rouge,hrouge2d@yahoo.co.jp,Male,Computers
87,Taylor,Whitaker,twhitaker2e@prlog.org,Male,Automotive
88,Dorella,Whelband,dwhelband2f@fema.gov,Female,Grocery
89,Leela,Elan,lelan2g@yellowpages.com,Female,Beauty
90,Beauregard,Taphouse,btaphouse2h@behance.net,Male,Toys
91,Ikey,Stollhofer,istollhofer2i@shop-pro.jp,Male,Movies
92,Tobit,McGrale,tmcgrale2j@businessinsider.com,Male,Baby
93,Nata,Rootes,nrootes2k@vistaprint.com,Female,Books
94,Ezequiel,Cutting,ecutting2l@biglobe.ne.jp,Male,Baby
95,Kort,Shapiro,kshapiro2m@vk.com,Male,Jewelry
96,Feliza,Westbury,fwestbury2n@sciencedaily.com,Female,Grocery
97,Roseanne,Rosle,rrosle2o@posterous.com,Female,Garden
98,Asia,Lambourne,alambourne2p@sfgate.com,Female,Garden
99,Desmund,Oliphant,doliphant2q@gmpg.org,Male,Beauty
100,Kele,Le Clercq,kleclercq2r@china.com.cn,Male,Games
101,Etan,Ionesco,eionesco2s@buzzfeed.com,Male,Baby
102,Claus,Mulqueeny,cmulqueeny2t@blogs.com,Male,Sports
103,Maighdiln,Beartup,mbeartup2u@photobucket.com,Female,Beauty
104,Kip,Ridel,kridel2v@china.com.cn,Female,Electronics
105,Debi,McKeaveney,dmckeaveney2w@blogtalkradio.com,Female,Industrial
106,Jaymee,Kiddell,jkiddell2x@yahoo.co.jp,Female,Toys
107,Miller,Sweetenham,msweetenham2y@mashable.com,Male,Automotive
108,Sarah,Shoutt,sshoutt2z@house.gov,Female,Books
109,Gertruda,Cashell,gcashell30@clickbank.net,Female,Outdoors
110,Baudoin,Rickeard,brickeard31@hhs.gov,Male,Computers
111,Stanly,Wanklin,swanklin32@prlog.org,Male,Movies
112,Winnifred,Chellam,wchellam33@newsvine.com,Female,Electronics
113,Gabe,Benaine,gbenaine34@indiegogo.com,Male,Movies
114,Natala,Ellick,nellick35@goodreads.com,Female,Music
115,Felic,Jannaway,fjannaway36@blogger.com,Male,Jewelry
116,Kristofor,Gascoigne,kgascoigne37@nyu.edu,Male,Outdoors
117,Harlin,Savaage,hsavaage38@slashdot.org,Male,Clothing
118,Manuel,Rideout,mrideout39@cocolog-nifty.com,Male,Automotive
119,Tanner,Valerius,tvalerius3a@hc360.com,Polygender,Home
120,Wheeler,Silcock,wsilcock3b@discovery.com,Male,Health
121,Grange,McElmurray,gmcelmurray3c@chron.com,Male,Beauty
122,Sari,Gogarty,sgogarty3d@domainmarket.com,Female,Industrial
123,Casey,Ielden,cielden3e@webnode.com,Male,Baby
124,Jami,Skelding,jskelding3f@ow.ly,Female,Beauty
125,Shaina,Pattesall,spattesall3g@scientificamerican.com,Female,Books
126,Tildie,Sweet,tsweet3h@loc.gov,Female,Music
127,Jamaal,Whitebread,jwhitebread3i@pcworld.com,Male,Computers
128,Cleo,Olyonov,colyonov3j@amazon.co.uk,Bigender,Outdoors
129,Ayn,Bullocke,abullocke3k@unesco.org,Female,Grocery
130,Pearline,Vanyukov,pvanyukov3l@si.edu,Female,Clothing
131,Del,Oiller,doiller3m@sitemeter.com,Male,Clothing
132,Marthena,Glanfield,mglanfield3n@youtu.be,Female,Electronics
133,Gearard,Hilldrup,ghilldrup3o@house.gov,Male,Baby
134,Berkley,McLay,bmclay3p@rambler.ru,Male,Baby
135,Alexina,Prozescky,aprozescky3q@mediafire.com,Female,Jewelry
136,Hamel,Cushworth,hcushworth3r@marriott.com,Male,Jewelry
137,Wileen,Lamonby,wlamonby3s@bandcamp.com,Female,Health
138,Harlan,Cohr,hcohr3t@w3.org,Male,Beauty
139,Sandi,Lundon,slundon3u@npr.org,Female,Home
140,Thea,Cartin,tcartin3v@bloglines.com,Female,Games
141,Claudian,Whittier,cwhittier3w@mashable.com,Male,Grocery
142,Hugo,Sprade,hsprade3x@msu.edu,Male,Books
143,Ingelbert,McReynolds,imcreynolds3y@marketwatch.com,Male,Clothing
144,Erasmus,Muirhead,emuirhead3z@google.pl,Male,Shoes
145,Paulie,Wozencraft,pwozencraft40@shareasale.com,Male,Beauty
146,Elden,Langthorne,elangthorne41@ebay.co.uk,Male,Movies
147,Prescott,Londing,plonding42@amazon.com,Male,Garden
148,Hurleigh,Crollman,hcrollman43@shop-pro.jp,Male,Industrial
149,Marcelle,Surgood,msurgood44@paginegialle.it,Agender,Toys
150,Tally,Benwell,tbenwell45@plala.or.jp,Male,Industrial
151,Althea,Grindell,agrindell46@zimbio.com,Female,Beauty
152,Guilbert,Evins,gevins47@1688.com,Male,Books
153,Neil,Rolingson,nrolingson48@slashdot.org,Male,Sports
154,Evania,Statter,estatter49@freewebs.com,Female,Books
155,Clea,Vogel,cvogel4a@google.fr,Female,Grocery
156,Archaimbaud,Good,agood4b@statcounter.com,Male,Computers
157,Morry,Strathern,mstrathern4c@twitter.com,Non-binary,Music
158,Leontyne,Stepney,lstepney4d@disqus.com,Female,Jewelry
159,Nelly,Saurat,nsaurat4e@zimbio.com,Female,Home
160,Gerrie,Bugbird,gbugbird4f@wikimedia.org,Female,Home
161,Gawen,Cornejo,gcornejo4g@microsoft.com,Bigender,Books
162,Beau,Shales,bshales4h@posterous.com,Male,Home
163,Henri,Perocci,hperocci4i@aboutads.info,Male,Grocery
164,Orlan,Grassick,ograssick4j@amazonaws.com,Male,Tools
165,Robin,Muffin,rmuffin4k@barnesandnoble.com,Female,Books
166,Rosamund,Da Costa,rdacosta4l@ucoz.com,Female,Books
167,Dasha,Thams,dthams4m@usa.gov,Female,Beauty
168,Cleon,Fallowfield,cfallowfield4n@thetimes.co.uk,Male,Movies
169,Ingmar,Cornbell,icornbell4o@wordpress.org,Male,Health
170,Bette,Corbert,bcorbert4p@reference.com,Female,Jewelry
171,Abba,Shiel,ashiel4q@cdc.gov,Male,Tools
172,Melita,Axford,maxford4r@whitehouse.gov,Female,Computers
173,Mace,Luesley,mluesley4s@reuters.com,Male,Tools
174,Elita,Andric,eandric4t@godaddy.com,Female,Kids
175,Terese,Silverthorne,tsilverthorne4u@geocities.jp,Female,Shoes
176,Lock,Bickle,lbickle4v@goodreads.com,Male,Automotive
177,Kerry,Molineux,kmolineux4w@artisteer.com,Male,Home
178,Kessiah,McRavey,kmcravey4x@rakuten.co.jp,Female,Outdoors
179,Natalee,McPhelim,nmcphelim4y@constantcontact.com,Female,Clothing
180,Felicle,Whittles,fwhittles4z@miibeian.gov.cn,Agender,Industrial
181,Natassia,Veasey,nveasey50@thetimes.co.uk,Female,Beauty
182,Free,Guyer,fguyer51@comcast.net,Male,Home
183,Hilda,Fawdery,hfawdery52@usda.gov,Female,Computers
184,Florida,Mordin,fmordin53@google.cn,Female,Outdoors
185,Maurie,Yukhtin,myukhtin54@ning.com,Male,Grocery
186,Fredericka,Sifleet,fsifleet55@house.gov,Female,Health
187,Caryl,Deyenhardt,cdeyenhardt56@paginegialle.it,Female,Electronics
188,Wait,Lerway,wlerway57@howstuffworks.com,Male,Outdoors
189,Pavla,Mutlow,pmutlow58@webmd.com,Female,Shoes
190,Zebadiah,Gentile,zgentile59@netscape.com,Genderfluid,Home
191,Keith,Kopman,kkopman5a@free.fr,Male,Computers
192,Alys,Kellog,akellog5b@ow.ly,Agender,Books
193,Bette-ann,Firbank,bfirbank5c@aboutads.info,Female,Computers
194,Kelby,Lawlings,klawlings5d@chron.com,Male,Outdoors
195,Tersina,MattiCCI,tmatticci5e@blog.com,Female,Beauty
196,Wilma,Bourton,wbourton5f@reddit.com,Female,Shoes
197,Pernell,Rothman,prothman5g@uol.com.br,Male,Electronics
198,Taddeo,Kettles,tkettles5h@de.vu,Male,Games
199,Jean,Clace,jclace5i@oakley.com,Male,Outdoors
200,Farleigh,Bahlmann,fbahlmann5j@indiegogo.com,Male,Sports
201,Griselda,Besset,gbesset5k@addtoany.com,Female,Health
202,Matias,Tunsley,mtunsley5l@ocn.ne.jp,Male,Tools
203,Gusella,Kibbe,gkibbe5m@infoseek.co.jp,Female,Computers
204,Cosetta,Letchford,cletchford5n@columbia.edu,Female,Computers
205,Rudolf,Fairbridge,rfairbridge5o@go.com,Male,Beauty
206,Shep,Pietruszka,spietruszka5p@reuters.com,Male,Beauty
207,Anissa,Cartwight,acartwight5q@apple.com,Female,Industrial
208,Vanya,De Coursey,vdecoursey5r@surveymonkey.com,Female,Computers
209,Blakeley,Gorelli,bgorelli5s@unicef.org,Female,Grocery
210,Stacee,Seagrave,sseagrave5t@nasa.gov,Male,Music
211,Billy,Jenner,bjenner5u@scientificamerican.com,Genderfluid,Sports
212,Nealson,Spellissy,nspellissy5v@discovery.com,Male,Health
213,Shellysheldon,Cordoba,scordoba5w@storify.com,Male,Shoes
214,Haslett,Bedells,hbedells5x@nature.com,Genderfluid,Books
215,Marjorie,Tacey,mtacey5y@exblog.jp,Female,Computers
216,Gipsy,McGinty,gmcginty5z@nbcnews.com,Female,Tools
217,Joaquin,Cushe,jcushe60@sphinn.com,Male,Sports
218,Corbie,Lashbrook,clashbrook61@nature.com,Male,Industrial
219,Valle,Burne,vburne62@statcounter.com,Non-binary,Automotive
220,Cello,Cassel,ccassel63@weather.com,Polygender,Clothing
221,Wendy,Whatman,wwhatman64@china.com.cn,Agender,Games
222,Tull,Dowdney,tdowdney65@shop-pro.jp,Male,Grocery
223,Percy,Caird,pcaird66@live.com,Male,Games
224,Tommie,Lamacraft,tlamacraft67@123-reg.co.uk,Agender,Sports
225,Lauritz,Dovey,ldovey68@multiply.com,Male,Health
226,Suellen,Baird,sbaird69@cnet.com,Female,Tools
227,Arvy,Boldry,aboldry6a@sciencedirect.com,Male,Games
228,Astrix,Whitford,awhitford6b@amazon.de,Female,Computers
229,Wandie,Shenton,wshenton6c@barnesandnoble.com,Non-binary,Computers
230,Ursula,Ashbridge,uashbridge6d@cam.ac.uk,Female,Tools
231,Valera,Beyne,vbeyne6e@cnbc.com,Female,Toys
232,Marcie,Brammall,mbrammall6f@qq.com,Bigender,Computers
233,Kelley,Di Claudio,kdiclaudio6g@google.de,Male,Games
234,Steffen,Nares,snares6h@dyndns.org,Male,Shoes
235,Edvard,Hiland,ehiland6i@quantcast.com,Male,Jewelry
236,Colline,Tivnan,ctivnan6j@angelfire.com,Female,Automotive
237,Binni,Boulsher,bboulsher6k@yolasite.com,Female,Music
238,Andonis,Eades,aeades6l@drupal.org,Male,Health
239,Jemima,Campsall,jcampsall6m@cam.ac.uk,Female,Jewelry
240,Clem,Hubeaux,chubeaux6n@washington.edu,Male,Grocery
241,Cob,Nano,cnano6o@yellowbook.com,Agender,Games
242,Casar,Everwin,ceverwin6p@amazon.com,Agender,Computers
243,Conrad,McGurgan,cmcgurgan6q@baidu.com,Genderqueer,Grocery
244,Mercedes,Montacute,mmontacute6r@istockphoto.com,Female,Garden
245,Crissy,Issit,cissit6s@loc.gov,Female,Movies
246,Bucky,Upstell,bupstell6t@dailymail.co.uk,Male,Toys
247,Jeniece,Bennallck,jbennallck6u@nasa.gov,Female,Beauty
248,Tomasine,O'Donoghue,todonoghue6v@oracle.com,Female,Tools
249,Yolane,Dunleavy,ydunleavy6w@bloomberg.com,Female,Automotive
250,Steven,Stallon,sstallon6x@latimes.com,Non-binary,Garden
251,Tressa,Abthorpe,tabthorpe6y@friendfeed.com,Female,Home
252,Bert,Blasoni,bblasoni6z@merriam-webster.com,Male,Books
253,Petr,Milesap,pmilesap70@amazon.de,Male,Shoes
254,Morton,Side,mside71@ftc.gov,Male,Kids
255,Willamina,Lesaunier,wlesaunier72@youku.com,Female,Garden
256,Gae,Leander,gleander73@guardian.co.uk,Female,Automotive
257,Doreen,Learoyd,dlearoyd74@globo.com,Female,Garden
258,Arnie,Boutcher,aboutcher75@intel.com,Male,Industrial
259,Joyce,Scutcheon,jscutcheon76@networksolutions.com,Female,Games
260,Francisco,Kenwell,fkenwell77@slideshare.net,Agender,Clothing
261,Cristina,Harbisher,charbisher78@booking.com,Female,Industrial
262,Annabell,Seven,aseven79@oaic.gov.au,Female,Movies
263,Bria,Kehir,bkehir7a@sogou.com,Bigender,Baby
264,Merlina,Samsonsen,msamsonsen7b@google.co.jp,Female,Tools
265,Frans,Venton,fventon7c@cam.ac.uk,Male,Automotive
266,Ganny,Suthren,gsuthren7d@last.fm,Genderfluid,Music
267,Roma,Lunam,rlunam7e@kickstarter.com,Male,Kids
268,Danna,Breen,dbreen7f@wordpress.com,Genderqueer,Sports
269,Lenore,Odhams,lodhams7g@dropbox.com,Female,Sports
270,Bonnibelle,Berzin,bberzin7h@yahoo.com,Female,Games
271,Dilly,Coil,dcoil7i@timesonline.co.uk,Male,Toys
272,Rock,Piet,rpiet7j@stanford.edu,Male,Music
273,Humphrey,Kohtler,hkohtler7k@storify.com,Agender,Movies
274,Shaine,Esby,sesby7l@quantcast.com,Male,Jewelry
275,Bride,Dufour,bdufour7m@google.com.hk,Female,Games
276,Lilyan,Schoenrock,lschoenrock7n@hao123.com,Female,Automotive
277,Torrence,Farman,tfarman7o@artisteer.com,Male,Sports
278,Lucretia,Lukas,llukas7p@ucoz.com,Female,Computers
279,Marsh,Freestone,mfreestone7q@gizmodo.com,Agender,Garden
280,Jobye,Carp,jcarp7r@msn.com,Agender,Garden
281,Carling,Gaymar,cgaymar7s@bigcartel.com,Male,Clothing
282,Alvina,Rabjohn,arabjohn7t@google.com.br,Female,Garden
283,Dorian,Barense,dbarense7u@dyndns.org,Female,Games
284,Della,Piele,dpiele7v@fema.gov,Female,Tools
285,Carmencita,Breslin,cbreslin7w@google.co.uk,Female,Beauty
286,Sher,Gotch,sgotch7x@nasa.gov,Female,Movies
287,Chip,Seeks,cseeks7y@mozilla.com,Male,Health
288,Garrett,Kippen,gkippen7z@friendfeed.com,Male,Kids
289,Wendy,Bignall,wbignall80@deliciousdays.com,Female,Garden
290,Francisca,O'Sherin,fosherin81@ocn.ne.jp,Female,Jewelry
291,Elora,Jeffreys,ejeffreys82@dropbox.com,Female,Outdoors
292,Wilhelmine,Hounsom,whounsom83@thetimes.co.uk,Female,Grocery
293,Quinn,Laye,qlaye84@uiuc.edu,Female,Grocery
294,Kevan,Roskam,kroskam85@simplemachines.org,Male,Tools
295,Wren,Jermyn,wjermyn86@shutterfly.com,Female,Beauty
296,Georgi,Schankelborg,gschankelborg87@soup.io,Male,Home
297,Ajay,Childers,achilders88@technorati.com,Female,Tools
298,Robinette,Jemison,rjemison89@moonfruit.com,Bigender,Games
299,Welch,Paulino,wpaulino8a@arizona.edu,Male,Industrial
300,Don,Handke,dhandke8b@yale.edu,Male,Sports
301,Jule,McCaughey,jmccaughey8c@discovery.com,Male,Home
302,Raimundo,Gurnell,rgurnell8d@ustream.tv,Male,Baby
303,Jillane,Brizell,jbrizell8e@meetup.com,Female,Health
304,Sallyanne,Ramirez,sramirez8f@state.tx.us,Female,Outdoors
305,Jude,Flook,jflook8g@nature.com,Male,Music
306,Elvera,Prestland,eprestland8h@craigslist.org,Female,Grocery
307,Agustin,Benger,abenger8i@biglobe.ne.jp,Male,Sports
308,Jessi,Couronne,jcouronne8j@hud.gov,Female,Outdoors
309,Wayne,Blayd,wblayd8k@woothemes.com,Male,Electronics
310,Brigit,Aldersley,baldersley8l@mlb.com,Female,Books
311,Rickie,Aslie,raslie8m@cornell.edu,Male,Clothing
312,Luise,Tomet,ltomet8n@ft.com,Female,Movies
313,Care,Diego,cdiego8o@apple.com,Male,Movies
314,Sidnee,Eric,seric8p@foxnews.com,Male,Home
315,Marc,Whisby,mwhisby8q@edublogs.org,Male,Automotive
316,Kaja,Layson,klayson8r@ucla.edu,Female,Books
317,Richard,Coltart,rcoltart8s@hexun.com,Male,Music
318,Barron,Purchall,bpurchall8t@bbc.co.uk,Male,Clothing
319,Aura,Snugg,asnugg8u@kickstarter.com,Female,Music
320,Alano,Groveham,agroveham8v@jigsy.com,Male,Beauty
321,Halimeda,Ellsbury,hellsbury8w@macromedia.com,Non-binary,Automotive
322,Jarrad,Baike,jbaike8x@biglobe.ne.jp,Male,Outdoors
323,Cyndie,Cello,ccello8y@spotify.com,Female,Shoes
324,Petrina,Holwell,pholwell8z@discovery.com,Female,Garden
325,Fidelity,Clausewitz,fclausewitz90@opera.com,Female,Movies
326,Tiebout,Hennemann,thennemann91@deviantart.com,Male,Shoes
327,Margy,Goter,mgoter92@purevolume.com,Female,Books
328,Hammad,Claricoates,hclaricoates93@angelfire.com,Male,Music
329,Maximilien,Eivers,meivers94@xinhuanet.com,Male,Electronics
330,Collete,Calender,ccalender95@alexa.com,Female,Industrial
331,Ellie,Abbison,eabbison96@webnode.com,Female,Outdoors
332,Veronique,Maris,vmaris97@surveymonkey.com,Female,Computers
333,Luke,Dibb,ldibb98@xing.com,Bigender,Tools
334,Ingrid,Mecozzi,imecozzi99@epa.gov,Female,Health
335,Sean,Pealing,spealing9a@ow.ly,Female,Home
336,Maressa,O'Donnelly,modonnelly9b@npr.org,Female,Kids
337,Tucker,McConaghy,tmcconaghy9c@google.co.uk,Male,Shoes
338,Kermit,Grime,kgrime9d@feedburner.com,Male,Automotive
339,Adrienne,Polley,apolley9e@bloglovin.com,Female,Grocery
340,Tomasine,Shaughnessy,tshaughnessy9f@acquirethisname.com,Female,Home
341,Mac,Shackelton,mshackelton9g@joomla.org,Male,Home
342,Gusti,Lewsam,glewsam9h@qq.com,Female,Kids
343,Reinald,Vernay,rvernay9i@businesswire.com,Male,Movies
344,Adrea,McLice,amclice9j@360.cn,Female,Movies
345,Bidget,Howsin,bhowsin9k@flavors.me,Female,Music
346,Hadleigh,Keenor,hkeenor9l@tinyurl.com,Male,Music
347,Jo-anne,Jauncey,jjauncey9m@sciencedirect.com,Female,Baby
348,Timothee,Ledwitch,tledwitch9n@si.edu,Male,Beauty
349,Alfy,Stuchburie,astuchburie9o@sohu.com,Female,Sports
350,Deidre,Secrett,dsecrett9p@multiply.com,Female,Industrial
351,Odelia,Tomaini,otomaini9q@oracle.com,Female,Baby
352,Octavius,Shipp,oshipp9r@qq.com,Male,Shoes
353,Vinita,Scrivens,vscrivens9s@spiegel.de,Female,Books
354,Ailene,Waleran,awaleran9t@smugmug.com,Female,Games
355,Godard,Grishenkov,ggrishenkov9u@shinystat.com,Genderqueer,Sports
356,Vickie,Muffen,vmuffen9v@newyorker.com,Genderqueer,Grocery
357,Josiah,Cortes,jcortes9w@nasa.gov,Male,Computers
358,Ruthy,Dominick,rdominick9x@printfriendly.com,Genderfluid,Music
359,Keslie,Brent,kbrent9y@zimbio.com,Female,Health
360,Sharron,Jancy,sjancy9z@comsenz.com,Female,Garden
361,Giorgio,Jannex,gjannexa0@mysql.com,Male,Books
362,Kipper,Gerram,kgerrama1@amazon.de,Male,Books
363,Darwin,Stilldale,dstilldalea2@answers.com,Male,Games
364,Wiatt,Cotter,wcottera3@howstuffworks.com,Male,Shoes
365,Marys,Klulicek,mkluliceka4@blogspot.com,Female,Sports
366,Ramon,Tokley,rtokleya5@icq.com,Polygender,Jewelry
367,Clemens,Agott,cagotta6@jugem.jp,Male,Industrial
368,Collen,Renney,crenneya7@time.com,Genderqueer,Books
369,Britt,Bourley,bbourleya8@mac.com,Male,Home
370,Chadd,Latham,clathama9@harvard.edu,Male,Tools
371,Fidelity,Petrushkevich,fpetrushkevichaa@mediafire.com,Female,Shoes
372,Bary,Assur,bassurab@state.tx.us,Male,Games
373,Antoni,Gatheridge,agatheridgeac@live.com,Male,Sports
374,Lindie,Foale,lfoalead@weebly.com,Polygender,Kids
375,Lenka,Ludgate,lludgateae@nba.com,Female,Games
376,Jackelyn,Lis,jlisaf@washingtonpost.com,Female,Automotive
377,Evelyn,Gennrich,egennrichag@list-manage.com,Non-binary,Computers
378,Opal,Curner,ocurnerah@fotki.com,Female,Health
379,Aryn,Mussolini,amussoliniai@economist.com,Female,Automotive
380,Zackariah,Stoacley,zstoacleyaj@nba.com,Male,Industrial
381,Steven,Gillison,sgillisonak@squidoo.com,Male,Clothing
382,Malcolm,Hallin,mhallinal@wisc.edu,Male,Industrial
383,Flossi,Peracco,fperaccoam@china.com.cn,Polygender,Music
384,Veriee,Livock,vlivockan@weebly.com,Female,Beauty
385,Leeanne,Goshawke,lgoshawkeao@usnews.com,Female,Garden
386,Rickie,MacCafferky,rmaccafferkyap@guardian.co.uk,Male,Baby
387,Dee dee,Le - Count,dlecountaq@noaa.gov,Female,Outdoors
388,Adrian,Braisted,abraistedar@apple.com,Male,Grocery
389,Penn,Povey,ppoveyas@nydailynews.com,Male,Grocery
390,Chester,Ashard,cashardat@wikipedia.org,Male,Electronics
391,Maxi,Claris,mclarisau@constantcontact.com,Female,Computers
392,Rici,Pitman,rpitmanav@cafepress.com,Female,Books
393,Nissa,Shrigley,nshrigleyaw@sbwire.com,Genderqueer,Industrial
394,Niki,Selland,nsellandax@odnoklassniki.ru,Bigender,Games
395,Hamish,Leeson,hleesonay@skype.com,Bigender,Automotive
396,Randie,Kleinhaut,rkleinhautaz@ning.com,Male,Movies
397,Abbie,Wisden,awisdenb0@mayoclinic.com,Male,Sports
398,Trevor,Piet,tpietb1@discovery.com,Male,Kids
399,Hershel,Klesl,hkleslb2@tinyurl.com,Male,Baby
400,Jillana,Buttle,jbuttleb3@acquirethisname.com,Female,Outdoors
401,Early,Idle,eidleb4@github.com,Male,Kids
402,Clarke,Feilden,cfeildenb5@qq.com,Male,Outdoors
403,Kalina,Helkin,khelkinb6@nationalgeographic.com,Female,Toys
404,Camille,McNickle,cmcnickleb7@mlb.com,Female,Baby
405,Cordell,Gristwood,cgristwoodb8@ox.ac.uk,Male,Movies
406,Kristen,Brazear,kbrazearb9@marriott.com,Female,Books
407,Evin,Tomkins,etomkinsba@bluehost.com,Male,Clothing
408,Kaitlin,Heake,kheakebb@liveinternet.ru,Female,Sports
409,Jdavie,Filipchikov,jfilipchikovbc@nytimes.com,Male,Jewelry
410,Glenden,Castelijn,gcastelijnbd@ucoz.ru,Male,Clothing
411,Isadora,Matthesius,imatthesiusbe@engadget.com,Female,Kids
412,Bethina,Tampen,btampenbf@artisteer.com,Female,Electronics
413,Wilton,Admans,wadmansbg@ustream.tv,Male,Toys
414,Frazier,Mavin,fmavinbh@engadget.com,Male,Shoes
415,Scotty,Sneezem,ssneezembi@t.co,Male,Games
416,Enid,Banfill,ebanfillbj@chicagotribune.com,Female,Tools
417,Jenny,Mayhou,jmayhoubk@si.edu,Female,Electronics
418,Javier,D'Souza,jdsouzabl@facebook.com,Male,Computers
419,Lianne,Cerie,lceriebm@mit.edu,Female,Beauty
420,Eve,Phette,ephettebn@twitter.com,Female,Grocery
421,Letty,Stainer,lstainerbo@homestead.com,Female,Computers
422,Gwennie,Helian,ghelianbp@prnewswire.com,Female,Shoes
423,Guillaume,Drillingcourt,gdrillingcourtbq@who.int,Male,Games
424,Wandis,Winterbotham,wwinterbothambr@twitpic.com,Female,Clothing
425,Merrill,Klimentov,mklimentovbs@i2i.jp,Male,Home
426,Flemming,Pflieger,fpfliegerbt@utexas.edu,Male,Automotive
427,Dalston,Heath,dheathbu@gmpg.org,Male,Computers
428,Alfi,Dilkes,adilkesbv@nasa.gov,Female,Automotive
429,Bertina,Igonet,bigonetbw@newyorker.com,Female,Health
430,Raychel,Dubbin,rdubbinbx@prweb.com,Female,Toys
431,Odella,Dayly,odaylyby@usa.gov,Female,Home
432,Clevie,Kerans,ckeransbz@shop-pro.jp,Male,Toys
433,Dalston,Kiehl,dkiehlc0@gmpg.org,Non-binary,Games
434,Rona,Standall,rstandallc1@stanford.edu,Female,Grocery
435,Towney,Loudian,tloudianc2@ifeng.com,Male,Tools
436,Harrison,Dodshun,hdodshunc3@goodreads.com,Bigender,Clothing
437,Sly,Carnson,scarnsonc4@yale.edu,Male,Outdoors
438,Sibelle,Zavattieri,szavattieric5@slashdot.org,Female,Garden
439,Stephan,Hele,shelec6@irs.gov,Male,Beauty
440,Yorgo,Belsher,ybelsherc7@opensource.org,Male,Automotive
441,Brennen,Czaja,bczajac8@dedecms.com,Male,Books
442,Vannie,Attwood,vattwoodc9@nyu.edu,Female,Home
443,Ambrosius,Broun,abrounca@earthlink.net,Male,Books
444,Giordano,Engelmann,gengelmanncb@goodreads.com,Male,Tools
445,Kiri,Hirsch,khirschcc@auda.org.au,Female,Tools
446,Waneta,Kayser,wkaysercd@webs.com,Female,Automotive
447,Vally,Furmston,vfurmstonce@ask.com,Female,Industrial
448,Rhett,Greguol,rgreguolcf@mediafire.com,Male,Computers
449,Rosco,Sivil,rsivilcg@time.com,Male,Industrial
450,Bealle,Ramsdale,bramsdalech@wikipedia.org,Male,Kids
451,Revkah,Duthie,rduthieci@stanford.edu,Female,Baby
452,Cindie,Dobby,cdobbycj@java.com,Non-binary,Health
453,Arabella,Venour,avenourck@freewebs.com,Female,Kids
454,Caryn,Marvell,cmarvellcl@networksolutions.com,Female,Books
455,Gavan,Bleacher,gbleachercm@dmoz.org,Male,Electronics
456,Meg,Ridhole,mridholecn@sphinn.com,Female,Tools
457,Stearne,Lyster,slysterco@gnu.org,Male,Automotive
458,Georgeanne,Tupling,gtuplingcp@google.de,Female,Movies
459,Gladi,Koenraad,gkoenraadcq@dell.com,Female,Automotive
460,Kendrick,Spillman,kspillmancr@addtoany.com,Male,Industrial
461,Lianna,Harlett,lharlettcs@stanford.edu,Female,Music
462,Kelsi,Struys,kstruysct@msu.edu,Female,Health
463,Row,McInerney,rmcinerneycu@tripod.com,Female,Tools
464,Cassondra,Kelcher,ckelchercv@dion.ne.jp,Female,Games
465,Yurik,Alfonsini,yalfonsinicw@linkedin.com,Male,Sports
466,Kalie,Muzzlewhite,kmuzzlewhitecx@naver.com,Female,Tools
467,Adrien,Bulcock,abulcockcy@xrea.com,Male,Movies
468,Aloysius,Thorn,athorncz@goo.gl,Male,Clothing
469,Clare,Heffernan,cheffernand0@google.com.hk,Male,Jewelry
470,Joyous,Ainsworth,jainsworthd1@tiny.cc,Female,Automotive
471,Kori,Colclough,kcolcloughd2@narod.ru,Female,Games
472,Abbe,Acuna,aacunad3@mit.edu,Male,Automotive
473,Hazlett,Godfery,hgodferyd4@over-blog.com,Male,Grocery
474,Hayley,Broose,hbroosed5@liveinternet.ru,Female,Automotive
475,Leah,Axten,laxtend6@google.ru,Female,Home
476,Devin,Kesey,dkeseyd7@gravatar.com,Female,Shoes
477,Randi,Sherrett,rsherrettd8@mit.edu,Female,Grocery
478,Ariela,Skillern,askillernd9@yellowbook.com,Female,Beauty
479,Jobyna,Akerman,jakermanda@tinyurl.com,Female,Grocery
480,Rolph,Ellingworth,rellingworthdb@alibaba.com,Male,Tools
481,Breanne,Bigham,bbighamdc@goo.gl,Female,Clothing
482,Bowie,Giacoboni,bgiacobonidd@jugem.jp,Male,Movies
483,Ugo,Conley,uconleyde@unesco.org,Male,Sports
484,Bonny,Camplen,bcamplendf@privacy.gov.au,Female,Home
485,Ulla,Rochell,urochelldg@rakuten.co.jp,Female,Tools
486,Rosmunda,Leggatt,rleggattdh@theguardian.com,Female,Books
487,Tobiah,Salvadore,tsalvadoredi@house.gov,Male,Kids
488,Basilius,Borne,bbornedj@sogou.com,Male,Outdoors
489,Brocky,Wiltshire,bwiltshiredk@cpanel.net,Male,Industrial
490,Chucho,Squibb,csquibbdl@home.pl,Male,Outdoors
491,Fernandina,Mordecai,fmordecaidm@reddit.com,Female,Health
492,Dotty,Castanaga,dcastanagadn@jiathis.com,Female,Electronics
493,Bebe,Stonbridge,bstonbridgedo@sbwire.com,Female,Toys
494,Grayce,Climson,gclimsondp@opera.com,Female,Shoes
495,Miof mela,Hoofe,mhoofedq@goo.ne.jp,Female,Tools
496,Montague,Maddinon,mmaddinondr@sohu.com,Male,Books
497,Antonius,Enrdigo,aenrdigods@sfgate.com,Male,Music
498,Coralyn,Glascott,cglascottdt@netscape.com,Female,Music
499,Chloris,Conkay,cconkaydu@skype.com,Female,Clothing
500,Wallis,Filippozzi,wfilippozzidv@amazon.de,Female,Beauty
501,Rik,Aleksidze,raleksidzedw@uiuc.edu,Male,Outdoors
502,Brent,Carder,bcarderdx@cafepress.com,Male,Electronics
503,Christin,Franzen,cfranzendy@upenn.edu,Non-binary,Shoes
504,Jayne,Candish,jcandishdz@opera.com,Female,Music
505,Joscelin,Riediger,jriedigere0@oakley.com,Female,Tools
506,Josefa,Fearne,jfearnee1@engadget.com,Female,Music
507,Malvin,Darrigoe,mdarrigoee2@booking.com,Male,Jewelry
508,Mendy,Rozalski,mrozalskie3@marketwatch.com,Male,Tools
509,Janek,Koeppke,jkoeppkee4@seesaa.net,Male,Jewelry
510,Elvira,Addie,eaddiee5@huffingtonpost.com,Female,Home
511,Shawn,Teanby,steanbye6@bbc.co.uk,Female,Baby
512,Brook,MacKain,bmackaine7@cocolog-nifty.com,Male,Jewelry
513,Liesa,Rosa,lrosae8@woothemes.com,Female,Health
514,Glennie,Wharby,gwharbye9@sourceforge.net,Female,Kids
515,Zena,Imlock,zimlockea@wiley.com,Female,Jewelry
516,Dierdre,Samme,dsammeeb@ca.gov,Female,Books
517,Therine,Farish,tfarishec@domainmarket.com,Female,Movies
518,Adriana,Pittaway,apittawayed@goo.ne.jp,Female,Baby
519,Kareem,Marner,kmarneree@ft.com,Male,Electronics
520,Adrianne,Stirrip,astirripef@ycombinator.com,Female,Toys
521,Hazlett,Enticknap,henticknapeg@upenn.edu,Male,Industrial
522,Reeva,Altree,raltreeeh@engadget.com,Female,Beauty
523,Veriee,Toke,vtokeei@zdnet.com,Female,Kids
524,Tad,Bravington,tbravingtonej@google.co.uk,Male,Clothing
525,Sisely,Domke,sdomkeek@de.vu,Female,Industrial
526,Babb,Latliff,blatliffel@cyberchimps.com,Bigender,Movies
527,Ricoriki,Beltzner,rbeltznerem@unc.edu,Male,Electronics
528,Lizette,Rist,lristen@patch.com,Non-binary,Computers
529,Shurlocke,Risdall,srisdalleo@columbia.edu,Male,Sports
530,Nita,Josskowitz,njosskowitzep@mayoclinic.com,Female,Computers
531,Teddy,Yanukhin,tyanukhineq@hugedomains.com,Male,Clothing
532,Chaunce,Stretton,cstrettoner@youku.com,Male,Automotive
533,Sascha,Leedal,sleedales@live.com,Male,Games
534,Mark,Bedells,mbedellset@digg.com,Male,Books
535,Vinny,Duferie,vduferieeu@slideshare.net,Male,Garden
536,Marillin,Kliment,mklimentev@devhub.com,Female,Jewelry
537,Griselda,Loche,glocheew@cdbaby.com,Female,Tools
538,Currie,Osgar,cosgarex@wisc.edu,Male,Kids
539,Blanch,Puttock,bputtockey@mlb.com,Female,Garden
540,Jesus,Dewsbury,jdewsburyez@domainmarket.com,Male,Clothing
541,Desiree,Haliday,dhalidayf0@reference.com,Female,Games
542,Ailbert,Paraman,aparamanf1@sbwire.com,Male,Tools
543,Ulrikaumeko,Mead,umeadf2@nbcnews.com,Female,Beauty
544,Harman,Pover,hpoverf3@scientificamerican.com,Male,Grocery
545,Matias,Ivashov,mivashovf4@netvibes.com,Male,Books
546,Fax,Banister,fbanisterf5@dion.ne.jp,Male,Shoes
547,Missy,Cottrell,mcottrellf6@hc360.com,Female,Computers
548,Elwira,Anglin,eanglinf7@amazonaws.com,Female,Home
549,Mirabel,Perutto,mperuttof8@aboutads.info,Female,Sports
550,Royall,Windley,rwindleyf9@plala.or.jp,Male,Grocery
551,Jarrid,Rodbourne,jrodbournefa@newsvine.com,Male,Games
552,Elbertine,Dehm,edehmfb@berkeley.edu,Female,Industrial
553,Jammie,Cowthard,jcowthardfc@senate.gov,Female,Health
554,Averil,O'Heffernan,aoheffernanfd@blinklist.com,Male,Movies
555,Filmer,Cashen,fcashenfe@dot.gov,Male,Baby
556,Dayna,Eble,debleff@google.pl,Female,Games
557,Noble,Grindell,ngrindellfg@patch.com,Male,Clothing
558,Janine,Brydon,jbrydonfh@sciencedirect.com,Female,Movies
559,Toinette,Kilmurry,tkilmurryfi@oakley.com,Female,Grocery
560,Bebe,Bonnette,bbonnettefj@meetup.com,Female,Clothing
561,Michaela,Viggers,mviggersfk@eepurl.com,Female,Grocery
562,Merrie,Blade,mbladefl@vistaprint.com,Female,Music
563,Ezra,Schust,eschustfm@com.com,Male,Tools
564,Florette,Larchier,flarchierfn@shinystat.com,Female,Jewelry
565,Vergil,Girault,vgiraultfo@time.com,Male,Tools
566,Durand,Maxworthy,dmaxworthyfp@twitpic.com,Male,Music
567,Tiler,Hovel,thovelfq@ocn.ne.jp,Male,Books
568,Roscoe,Cosby,rcosbyfr@sphinn.com,Male,Toys
569,Pansie,Cobb,pcobbfs@nytimes.com,Female,Toys
570,Ambrose,Emnoney,aemnoneyft@tumblr.com,Male,Toys
571,Alexia,Diem,adiemfu@ow.ly,Female,Grocery
572,Shell,Kerfut,skerfutfv@washington.edu,Female,Baby
573,Warner,Geane,wgeanefw@icq.com,Male,Beauty
574,Dulcy,Pumphreys,dpumphreysfx@usnews.com,Female,Garden
575,Cecilio,Leathlay,cleathlayfy@usatoday.com,Male,Games
576,Dorice,Lawleff,dlawlefffz@opensource.org,Female,Toys
577,Siward,Harrold,sharroldg0@gmpg.org,Male,Sports
578,Kally,McGerraghty,kmcgerraghtyg1@google.pl,Female,Music
579,Margit,Jollye,mjollyeg2@fotki.com,Female,Tools
580,Marin,Shannon,mshannong3@omniture.com,Female,Toys
581,La verne,Berkowitz,lberkowitzg4@de.vu,Female,Computers
582,Gaven,Ingledew,gingledewg5@wunderground.com,Male,Garden
583,Bron,Plampin,bplamping6@quantcast.com,Genderfluid,Tools
584,Colman,Bothie,cbothieg7@reference.com,Male,Tools
585,Kippy,Calcut,kcalcutg8@businesswire.com,Male,Jewelry
586,Dolley,O'Hickey,dohickeyg9@desdev.cn,Female,Sports
587,Seana,Manns,smannsga@patch.com,Female,Baby
588,Korie,Monan,kmonangb@guardian.co.uk,Female,Home
589,Ira,Willshee,iwillsheegc@spiegel.de,Male,Kids
590,Milo,Stuckes,mstuckesgd@dagondesign.com,Genderfluid,Computers
591,Zerk,Kellogg,zkelloggge@diigo.com,Male,Jewelry
592,Janeta,Kelcher,jkelchergf@senate.gov,Female,Beauty
593,Giordano,Hattersley,ghattersleygg@netscape.com,Genderfluid,Industrial
594,Noe,Heimann,nheimanngh@rambler.ru,Male,Electronics
595,Polly,Covet,pcovetgi@psu.edu,Female,Industrial
596,Waverley,Asif,wasifgj@dion.ne.jp,Male,Jewelry
597,Wendall,Semrad,wsemradgk@artisteer.com,Male,Clothing
598,Had,O'Kynsillaghe,hokynsillaghegl@fastcompany.com,Male,Shoes
599,Jacquenette,Yashin,jyashingm@newsvine.com,Female,Industrial
600,Consuelo,Ruddin,cruddingn@ca.gov,Female,Shoes
601,Lorant,Winthrop,lwinthropgo@usda.gov,Male,Garden
602,Morgun,De Beauchamp,mdebeauchampgp@w3.org,Male,Baby
603,Cobby,Neely,cneelygq@qq.com,Male,Books
604,Bat,Andriulis,bandriulisgr@elegantthemes.com,Male,Garden
605,Sabina,Bande,sbandegs@i2i.jp,Female,Movies
606,Thorin,Gravenell,tgravenellgt@studiopress.com,Male,Tools
607,Ludovico,Dowsett,ldowsettgu@cnet.com,Male,Music
608,Halsey,Jurisic,hjurisicgv@dropbox.com,Male,Electronics
609,Donalt,Jarad,djaradgw@gov.uk,Male,Movies
610,Alfonso,Sutherby,asutherbygx@eventbrite.com,Polygender,Beauty
611,Gannie,Seamer,gseamergy@who.int,Male,Games
612,Batsheva,Winear,bwineargz@sourceforge.net,Female,Tools
613,Andy,Orrock,aorrockh0@dot.gov,Female,Health
614,Avie,Caiger,acaigerh1@economist.com,Female,Clothing
615,Rhonda,Yakebovitch,ryakebovitchh2@dell.com,Female,Tools
616,Celeste,Waterson,cwatersonh3@is.gd,Female,Garden
617,Valida,Rolance,vrolanceh4@ezinearticles.com,Female,Automotive
618,Winston,Hakonsson,whakonssonh5@umn.edu,Male,Music
619,Nedda,Farloe,nfarloeh6@ucoz.com,Female,Garden
620,Murvyn,Tie,mtieh7@acquirethisname.com,Male,Beauty
621,Gwenny,Bernardoni,gbernardonih8@linkedin.com,Polygender,Computers
622,Shadow,Szwarc,sszwarch9@java.com,Male,Kids
623,Raddie,Wilfing,rwilfingha@wordpress.com,Agender,Grocery
624,Sheree,Lawrance,slawrancehb@shareasale.com,Female,Sports
625,Tod,McVrone,tmcvronehc@soup.io,Male,Baby
626,Quentin,Ebsworth,qebsworthhd@furl.net,Female,Electronics
627,Gaylord,Pauli,gpaulihe@godaddy.com,Male,Jewelry
628,Audrie,Gregorowicz,agregorowiczhf@yellowbook.com,Female,Beauty
629,Michail,Mutton,mmuttonhg@yellowbook.com,Male,Computers
630,Paco,Madine,pmadinehh@linkedin.com,Male,Sports
631,Douglas,Sturley,dsturleyhi@fastcompany.com,Male,Clothing
632,Warden,Neenan,wneenanhj@webeden.co.uk,Male,Clothing
633,Kanya,Batey,kbateyhk@yahoo.com,Female,Electronics
634,Glynn,Huerta,ghuertahl@netvibes.com,Male,Automotive
635,Brianna,Abdon,babdonhm@sciencedirect.com,Female,Baby
636,Earle,Pallant,epallanthn@nydailynews.com,Male,Kids
637,Cicily,Chugg,cchuggho@cocolog-nifty.com,Female,Games
638,Electra,Cunney,ecunneyhp@instagram.com,Female,Baby
639,Colleen,Hacksby,chacksbyhq@ameblo.jp,Female,Garden
640,Fayette,Savory,fsavoryhr@163.com,Female,Shoes
641,Fara,Tackell,ftackellhs@technorati.com,Genderqueer,Computers
642,Jeremiah,Pardy,jpardyht@themeforest.net,Male,Games
643,Nathan,Dell'Abbate,ndellabbatehu@mail.ru,Male,Jewelry
644,Bailey,Lutty,bluttyhv@youku.com,Male,Shoes
645,Barthel,Risby,brisbyhw@goo.ne.jp,Male,Kids
646,Florida,Caddick,fcaddickhx@walmart.com,Female,Electronics
647,Annnora,Cape,acapehy@gizmodo.com,Female,Movies
648,Nelson,Preble,npreblehz@oakley.com,Male,Music
649,Pancho,Lindenfeld,plindenfeldi0@yolasite.com,Male,Home
650,Fletcher,Newbatt,fnewbatti1@berkeley.edu,Male,Sports
651,Marlyn,Malec,mmaleci2@eventbrite.com,Female,Garden
652,Bennett,Lampaert,blampaerti3@cbslocal.com,Male,Games
653,Davin,Jentges,djentgesi4@fotki.com,Male,Automotive
654,Micheil,Pea,mpeai5@4shared.com,Male,Baby
655,Claudianus,Witherdon,cwitherdoni6@gnu.org,Male,Automotive
656,Stafani,Gingles,sginglesi7@ifeng.com,Female,Computers
657,Ahmad,Layman,alaymani8@china.com.cn,Male,Baby
658,Cheri,Smallsman,csmallsmani9@dagondesign.com,Female,Clothing
659,Michal,Mustoe,mmustoeia@omniture.com,Female,Tools
660,Aubrey,Gladeche,agladecheib@uiuc.edu,Bigender,Toys
661,Anna-diana,Nobles,anoblesic@elpais.com,Female,Sports
662,Emilio,Mair,emairid@liveinternet.ru,Male,Shoes
663,Cherilynn,Benko,cbenkoie@imgur.com,Female,Electronics
664,Janella,Metson,jmetsonif@so-net.ne.jp,Female,Jewelry
665,Reynold,Woolnough,rwoolnoughig@china.com.cn,Bigender,Computers
666,Valdemar,Dullingham,vdullinghamih@cmu.edu,Male,Shoes
667,Darb,Bartelli,dbartelliii@deliciousdays.com,Male,Toys
668,Larine,Essame,lessameij@eventbrite.com,Female,Baby
669,Raynard,Kneaphsey,rkneaphseyik@netlog.com,Male,Beauty
670,Anders,Bowering,aboweringil@slideshare.net,Male,Baby
671,Krisha,Charpin,kcharpinim@wunderground.com,Male,Outdoors
672,Cyrill,Chasle,cchaslein@discovery.com,Male,Health
673,Nikki,Yakubowicz,nyakubowiczio@hp.com,Male,Books
674,Livvyy,Carp,lcarpip@telegraph.co.uk,Female,Industrial
675,Patton,Walcar,pwalcariq@samsung.com,Male,Baby
676,Angy,Le Provest,aleprovestir@nbcnews.com,Female,Home
677,Kyle,Murrells,kmurrellsis@clickbank.net,Female,Home
678,Aldis,Gard,agardit@disqus.com,Male,Beauty
679,Darryl,Pybworth,dpybworthiu@woothemes.com,Female,Jewelry
680,Anjela,Coffin,acoffiniv@youtube.com,Female,Grocery
681,Fayina,Hinken,fhinkeniw@i2i.jp,Female,Music
682,Wait,Ruck,wruckix@cdbaby.com,Male,Computers
683,Frasquito,Broyd,fbroydiy@chron.com,Male,Grocery
684,Shel,Hartle,shartleiz@ovh.net,Female,Baby
685,Julius,Monkton,jmonktonj0@nsw.gov.au,Male,Books
686,Ellene,Steuart,esteuartj1@nydailynews.com,Female,Industrial
687,Adolphe,Joynson,ajoynsonj2@hao123.com,Male,Electronics
688,Whit,Sydes,wsydesj3@si.edu,Male,Movies
689,Franzen,Romeo,fromeoj4@printfriendly.com,Male,Electronics
690,Burtie,Peregrine,bperegrinej5@sciencedirect.com,Male,Shoes
691,Isak,Rudiger,irudigerj6@bigcartel.com,Male,Industrial
692,Britney,Kehri,bkehrij7@deliciousdays.com,Female,Shoes
693,Maurise,Costanza,mcostanzaj8@bigcartel.com,Male,Clothing
694,Linnie,Cleeton,lcleetonj9@topsy.com,Female,Books
695,Eydie,Yong,eyongja@springer.com,Female,Health
696,Taryn,Unwins,tunwinsjb@1688.com,Female,Sports
697,Freedman,Tunnock,ftunnockjc@blogs.com,Male,Books
698,Powell,Gittis,pgittisjd@google.com.hk,Male,Shoes
699,Georges,Lamy,glamyje@discovery.com,Agender,Shoes
700,Maighdiln,Lepick,mlepickjf@nifty.com,Female,Outdoors
701,Malynda,Bunyan,mbunyanjg@ihg.com,Female,Toys
702,Michaelina,Maciaszczyk,mmaciaszczykjh@sourceforge.net,Female,Outdoors
703,Laurette,Rontsch,lrontschji@bloglovin.com,Female,Automotive
704,Whittaker,Howle,whowlejj@php.net,Male,Jewelry
705,Kenyon,Guerreau,kguerreaujk@shareasale.com,Male,Movies
706,Jase,Kindon,jkindonjl@e-recht24.de,Male,Home
707,Shannon,Harrington,sharringtonjm@about.com,Bigender,Jewelry
708,Padget,Imloch,pimlochjn@yahoo.com,Male,Sports
709,Shurlock,Heinl,sheinljo@youtube.com,Male,Movies
710,Bianka,Boatswain,bboatswainjp@admin.ch,Genderqueer,Music
711,Ursa,Wilce,uwilcejq@storify.com,Female,Movies
712,Yoshi,Perchard,yperchardjr@rediff.com,Female,Sports
713,Pennie,Dauney,pdauneyjs@seattletimes.com,Male,Books
714,Hieronymus,Hennemann,hhennemannjt@uiuc.edu,Male,Beauty
715,Rourke,Kolodziej,rkolodziejju@usda.gov,Male,Jewelry
716,Mehetabel,Arger,margerjv@indiatimes.com,Female,Kids
717,Tedie,Whitta,twhittajw@latimes.com,Male,Computers
718,Karissa,Haines,khainesjx@army.mil,Female,Beauty
719,Lily,Thurgood,lthurgoodjy@ftc.gov,Female,Sports
720,Prince,Hobbema,phobbemajz@google.com.au,Male,Games
721,Nancee,Jon,njonk0@quantcast.com,Female,Books
722,Harlan,Durrans,hdurransk1@hexun.com,Male,Baby
723,Murial,Hegg,mheggk2@baidu.com,Female,Health
724,Mirelle,Yakubovich,myakubovichk3@jigsy.com,Female,Shoes
725,Bail,Huccaby,bhuccabyk4@eventbrite.com,Male,Garden
726,Kissie,Bollum,kbollumk5@deviantart.com,Female,Grocery
727,Durward,Summerill,dsummerillk6@bloglines.com,Male,Baby
728,Brian,Foster-Smith,bfostersmithk7@4shared.com,Male,Kids
729,Dylan,Rigney,drigneyk8@goo.ne.jp,Male,Garden
730,Sinclair,Eversfield,seversfieldk9@liveinternet.ru,Male,Automotive
731,Lin,Jerche,ljercheka@behance.net,Male,Sports
732,Bryanty,Crean,bcreankb@dion.ne.jp,Male,Computers
733,Rochette,Causbey,rcausbeykc@guardian.co.uk,Bigender,Tools
734,Horst,MacCurley,hmaccurleykd@columbia.edu,Male,Movies
735,Barth,Speers,bspeerske@auda.org.au,Male,Grocery
736,Waylin,Ericssen,wericssenkf@bluehost.com,Male,Books
737,Bat,Lantuffe,blantuffekg@shutterfly.com,Male,Movies
738,Tymothy,Hatter,thatterkh@ed.gov,Male,Movies
739,Loralyn,Bavage,lbavageki@google.nl,Polygender,Movies
740,Godfry,Dollman,gdollmankj@pagesperso-orange.fr,Non-binary,Grocery
741,Obediah,Norewood,onorewoodkk@opera.com,Male,Games
742,Rocky,Rawnsley,rrawnsleykl@canalblog.com,Male,Home
743,Lucita,Skeene,lskeenekm@cisco.com,Female,Garden
744,Vincent,Stronough,vstronoughkn@wunderground.com,Genderqueer,Games
745,Leoine,Belly,lbellyko@house.gov,Female,Movies
746,Lynda,Doghartie,ldoghartiekp@indiegogo.com,Female,Health
747,Porty,Horche,phorchekq@a8.net,Male,Computers
748,Andrej,Downham,adownhamkr@gov.uk,Male,Shoes
749,Ludwig,Ozintsev,lozintsevks@seesaa.net,Male,Jewelry
750,Stacy,Gearing,sgearingkt@merriam-webster.com,Male,Automotive
751,Avrit,Hubbart,ahubbartku@netscape.com,Female,Health
752,Peirce,Buist,pbuistkv@oaic.gov.au,Male,Electronics
753,Terrence,Tarbet,ttarbetkw@sciencedaily.com,Male,Garden
754,Cirillo,Eeles,ceeleskx@webmd.com,Male,Electronics
755,Callie,Sonschein,csonscheinky@list-manage.com,Genderfluid,Automotive
756,Darill,McCafferky,dmccafferkykz@skyrock.com,Genderqueer,Clothing
757,Leif,Pollok,lpollokl0@rambler.ru,Male,Kids
758,Ricardo,Sommerly,rsommerlyl1@freewebs.com,Male,Computers
759,Sharona,Lycett,slycettl2@vkontakte.ru,Genderfluid,Baby
760,Karita,De Biasi,kdebiasil3@jiathis.com,Female,Outdoors
761,Fannie,Dowbekin,fdowbekinl4@rakuten.co.jp,Female,Automotive
762,Batholomew,Muldrew,bmuldrewl5@telegraph.co.uk,Male,Clothing
763,Eleanore,Menlove,emenlovel6@mozilla.org,Female,Books
764,Westley,Treadway,wtreadwayl7@geocities.jp,Male,Home
765,Lemuel,Mott,lmottl8@house.gov,Male,Jewelry
766,Kassey,Rego,kregol9@multiply.com,Female,Clothing
767,Ida,Colkett,icolkettla@friendfeed.com,Female,Shoes
768,Silvano,Screach,sscreachlb@bluehost.com,Male,Electronics
769,Leilah,Blaskett,lblaskettlc@slashdot.org,Female,Clothing
770,Amalee,Willis,awillisld@ycombinator.com,Female,Home
771,Jacquie,Blount,jblountle@springer.com,Genderqueer,Industrial
772,Bradley,Townend,btownendlf@webs.com,Genderfluid,Industrial
773,Wyatan,Negro,wnegrolg@shinystat.com,Male,Kids
774,Giana,Devons,gdevonslh@t.co,Female,Movies
775,Adrienne,Glanders,aglandersli@oakley.com,Female,Home
776,Stearne,Silveston,ssilvestonlj@unc.edu,Male,Automotive
777,Corrie,Stonelake,cstonelakelk@go.com,Female,Grocery
778,Ajay,Trowle,atrowlell@moonfruit.com,Female,Tools
779,Ethelda,Stanmore,estanmorelm@cam.ac.uk,Female,Books
780,Muffin,Graalmans,mgraalmansln@a8.net,Male,Grocery
781,Billie,Dusting,bdustinglo@livejournal.com,Bigender,Jewelry
782,Zebadiah,Lorrimer,zlorrimerlp@vistaprint.com,Polygender,Garden
783,Frederigo,Librey,flibreylq@netvibes.com,Male,Home
784,Irv,Mannin,imanninlr@t.co,Male,Baby
785,Trumaine,Pflieger,tpfliegerls@behance.net,Male,Computers
786,Miquela,Vobes,mvobeslt@rediff.com,Non-binary,Outdoors
787,Ferdinande,Crollman,fcrollmanlu@wsj.com,Female,Automotive
788,Orland,Murcott,omurcottlv@toplist.cz,Male,Movies
789,Biddy,Farlane,bfarlanelw@creativecommons.org,Polygender,Sports
790,Corrine,Cocozza,ccocozzalx@washington.edu,Female,Beauty
791,Alphard,Remon,aremonly@surveymonkey.com,Male,Home
792,Constance,Trunkfield,ctrunkfieldlz@weather.com,Female,Shoes
793,Darby,Keddle,dkeddlem0@paypal.com,Male,Tools
794,Sly,Rostern,srosternm1@state.gov,Non-binary,Movies
795,Marci,Munden,mmundenm2@jimdo.com,Polygender,Industrial
796,Winnifred,Whelpton,wwhelptonm3@gravatar.com,Female,Clothing
797,Miquela,McAuslan,mmcauslanm4@geocities.jp,Female,Baby
798,Sargent,Macro,smacrom5@admin.ch,Male,Books
799,Sarene,Dailly,sdaillym6@feedburner.com,Female,Grocery
800,Consuela,Condon,ccondonm7@chron.com,Female,Home
801,Correy,Ghidetti,cghidettim8@unblog.fr,Female,Baby
802,Christoph,Feckey,cfeckeym9@mozilla.org,Male,Computers
803,Eliot,Goose,egoosema@cnbc.com,Male,Movies
804,Jody,Ashlin,jashlinmb@sitemeter.com,Female,Outdoors
805,Calley,Brosh,cbroshmc@fotki.com,Non-binary,Electronics
806,Marleen,Beacock,mbeacockmd@merriam-webster.com,Female,Toys
807,Walther,Fowles,wfowlesme@clickbank.net,Male,Tools
808,Warde,Reynish,wreynishmf@arstechnica.com,Male,Music
809,Thain,Sarfatti,tsarfattimg@skype.com,Male,Shoes
810,Stacy,Essel,sesselmh@scribd.com,Female,Garden
811,Wit,Aleksashin,waleksashinmi@prnewswire.com,Male,Kids
812,Barret,Tenaunt,btenauntmj@histats.com,Male,Shoes
813,Irma,Kleinsinger,ikleinsingermk@github.com,Female,Grocery
814,Burgess,Crackel,bcrackelml@nature.com,Male,Home
815,Rudiger,Morforth,rmorforthmm@prnewswire.com,Male,Outdoors
816,Dolores,Carlaw,dcarlawmn@i2i.jp,Female,Games
817,Mei,Coultar,mcoultarmo@redcross.org,Female,Music
818,Janina,Babe,jbabemp@example.com,Female,Grocery
819,Garry,Guiden,gguidenmq@addtoany.com,Male,Garden
820,Ryun,Greenroyd,rgreenroydmr@cisco.com,Male,Tools
821,Clay,Biles,cbilesms@geocities.com,Male,Shoes
822,Murry,Doohey,mdooheymt@list-manage.com,Male,Industrial
823,Codi,Pibsworth,cpibsworthmu@nytimes.com,Female,Garden
824,Dorry,Kohnemann,dkohnemannmv@google.com,Polygender,Shoes
825,Tadeas,Keal,tkealmw@cornell.edu,Male,Shoes
826,Laverne,Jinkinson,ljinkinsonmx@prlog.org,Genderfluid,Books
827,Camilla,Thackeray,cthackeraymy@privacy.gov.au,Female,Sports
828,Ricky,Yitshak,ryitshakmz@indiatimes.com,Male,Music
829,Fabio,Pays,fpaysn0@google.com.hk,Male,Kids
830,Pietrek,Garlee,pgarleen1@tiny.cc,Male,Automotive
831,Anabel,Kupker,akupkern2@jugem.jp,Female,Home
832,Torre,Abbati,tabbatin3@nature.com,Male,Outdoors
833,Marthena,Piesing,mpiesingn4@reverbnation.com,Female,Jewelry
834,Terrill,Dachs,tdachsn5@typepad.com,Polygender,Toys
835,Brandea,Litterick,blitterickn6@ehow.com,Female,Music
836,Rosalia,Worcester,rworcestern7@sina.com.cn,Female,Computers
837,Reina,Wainer,rwainern8@umich.edu,Female,Games
838,Georgi,Carling,gcarlingn9@pagesperso-orange.fr,Male,Tools
839,Keelia,Lenormand,klenormandna@liveinternet.ru,Female,Movies
840,Theda,Brient,tbrientnb@wired.com,Female,Games
841,Adaline,Shopcott,ashopcottnc@engadget.com,Female,Jewelry
842,Rafferty,Scourgie,rscourgiend@yelp.com,Male,Industrial
843,Zedekiah,Dell Casa,zdellcasane@tripod.com,Male,Sports
844,Valenka,Poizer,vpoizernf@google.com.br,Female,Games
845,Constantin,Pachmann,cpachmannng@loc.gov,Male,Electronics
846,Chevalier,Enrico,cenriconh@china.com.cn,Male,Games
847,Bertram,Muzzi,bmuzzini@springer.com,Male,Beauty
848,Boyd,O'Lyhane,bolyhanenj@ucoz.com,Male,Toys
849,Lazarus,McGray,lmcgraynk@vimeo.com,Male,Games
850,Cirstoforo,Skeeles,cskeelesnl@sfgate.com,Male,Health
851,Malissia,Anderl,manderlnm@bing.com,Polygender,Electronics
852,Gwendolyn,Broddle,gbroddlenn@ox.ac.uk,Female,Health
853,Sheri,Jain,sjainno@myspace.com,Female,Home
854,Charin,Goldhill,cgoldhillnp@oakley.com,Female,Automotive
855,Gib,Tissington,gtissingtonnq@wired.com,Male,Grocery
856,Paquito,Baiss,pbaissnr@earthlink.net,Male,Automotive
857,Kylie,Pinnell,kpinnellns@blogtalkradio.com,Female,Home
858,Alys,Oxford,aoxfordnt@harvard.edu,Female,Sports
859,Shayla,Petty,spettynu@bloglines.com,Female,Toys
860,Vania,Adamo,vadamonv@cnbc.com,Female,Games
861,Ches,Debling,cdeblingnw@howstuffworks.com,Male,Outdoors
862,Shayna,Beamson,sbeamsonnx@addthis.com,Female,Baby
863,Clywd,Stocken,cstockenny@ning.com,Male,Sports
864,Lena,Thecham,lthechamnz@discuz.net,Female,Kids
865,Sawyere,Laurand,slaurando0@marketwatch.com,Male,Garden
866,Tammy,Merkel,tmerkelo1@i2i.jp,Female,Industrial
867,Kahaleel,Langlois,klangloiso2@myspace.com,Male,Kids
868,Clevie,Lehrahan,clehrahano3@canalblog.com,Male,Books
869,Alastair,Vogt,avogto4@blog.com,Male,Home
870,Jasmina,Benet,jbeneto5@zdnet.com,Female,Toys
871,Robinson,Wilkowski,rwilkowskio6@nih.gov,Male,Baby
872,Thomasa,Chess,tchesso7@pen.io,Non-binary,Toys
873,Esme,Farr,efarro8@washingtonpost.com,Female,Sports
874,Sephira,Smithe,ssmitheo9@webeden.co.uk,Genderqueer,Movies
875,Celestia,Janouch,cjanouchoa@ustream.tv,Female,Tools
876,Cortney,Hindmore,chindmoreob@weibo.com,Female,Beauty
877,Kippy,Casford,kcasfordoc@nytimes.com,Male,Shoes
878,Ailsun,Thompkins,athompkinsod@about.me,Bigender,Home
879,Meryl,Chezelle,mchezelleoe@artisteer.com,Female,Toys
880,Jacquelin,Antoniat,jantoniatof@hubpages.com,Female,Industrial
881,Morley,Geke,mgekeog@freewebs.com,Male,Clothing
882,Rubi,Cuolahan,rcuolahanoh@smugmug.com,Female,Home
883,Johnny,O'Dare,jodareoi@google.com.au,Male,Beauty
884,Eward,Kordovani,ekordovanioj@feedburner.com,Polygender,Automotive
885,Vevay,Do,vdook@sina.com.cn,Female,Industrial
886,Aurilia,Conquer,aconquerol@examiner.com,Female,Music
887,Philip,Sentinella,psentinellaom@squarespace.com,Male,Beauty
888,Margit,Pegrum,mpegrumon@infoseek.co.jp,Female,Toys
889,Balduin,Bradneck,bbradneckoo@ibm.com,Male,Books
890,Carmita,Topaz,ctopazop@intel.com,Female,Beauty
891,Arvy,Bollans,abollansoq@hexun.com,Male,Jewelry
892,Cheslie,Shakle,cshakleor@usa.gov,Female,Jewelry
893,Merv,Vannuccini,mvannuccinios@bigcartel.com,Male,Outdoors
894,Clemmy,Pull,cpullot@cmu.edu,Male,Music
895,Abbott,Di Giacomettino,adigiacomettinoou@psu.edu,Male,Automotive
896,Athena,Huitson,ahuitsonov@oaic.gov.au,Female,Automotive
897,Killy,Trewett,ktrewettow@multiply.com,Male,Movies
898,Ellwood,Newns,enewnsox@deviantart.com,Male,Automotive
899,Arden,Jepensen,ajepensenoy@bigcartel.com,Female,Baby
900,Alene,Layhe,alayheoz@about.com,Female,Jewelry
901,Timmie,Crotty,tcrottyp0@mapquest.com,Female,Health
902,Graeme,Dwelling,gdwellingp1@simplemachines.org,Male,Grocery
903,Pietra,Levene,plevenep2@mediafire.com,Bigender,Tools
904,Mildred,Guntrip,mguntripp3@bloomberg.com,Female,Electronics
905,Gustave,Danielli,gdaniellip4@amazon.com,Male,Baby
906,Randall,McNiven,rmcnivenp5@bandcamp.com,Male,Toys
907,Kelli,Blackborough,kblackboroughp6@woothemes.com,Non-binary,Baby
908,Guillema,Finders,gfindersp7@digg.com,Female,Books
909,Meryl,Butcher,mbutcherp8@desdev.cn,Male,Tools
910,Pinchas,Toxell,ptoxellp9@msn.com,Agender,Shoes
911,Hamilton,Ayrton,hayrtonpa@netvibes.com,Male,Automotive
912,Brandy,Remer,bremerpb@icio.us,Female,Health
913,Rurik,Benterman,rbentermanpc@spiegel.de,Male,Tools
914,Marius,Blowing,mblowingpd@msn.com,Male,Music
915,Rooney,Irvin,rirvinpe@networkadvertising.org,Male,Tools
916,Norean,Sutherington,nsutheringtonpf@sina.com.cn,Female,Jewelry
917,Dun,Saffran,dsaffranpg@drupal.org,Male,Beauty
918,Marena,Grabiec,mgrabiecph@ow.ly,Female,Clothing
919,Rafaela,Gillice,rgillicepi@oracle.com,Female,Books
920,Massimiliano,Van der Kruijs,mvanderkruijspj@cnbc.com,Male,Music
921,Kayla,Iacomi,kiacomipk@cmu.edu,Female,Kids
922,Joletta,Juden,jjudenpl@freewebs.com,Female,Movies
923,Stephenie,Paradise,sparadisepm@amazon.de,Female,Games
924,Sylvia,Brodhead,sbrodheadpn@irs.gov,Female,Home
925,Alla,Swainger,aswaingerpo@unesco.org,Female,Grocery
926,Candice,Cudbird,ccudbirdpp@cisco.com,Female,Sports
927,Krystal,Ovington,kovingtonpq@printfriendly.com,Female,Tools
928,Nissy,Hampshire,nhampshirepr@unesco.org,Female,Health
929,Ottilie,Wodeland,owodelandps@csmonitor.com,Female,Music
930,Hermon,Gadsby,hgadsbypt@google.de,Male,Electronics
931,Kalie,Dicke,kdickepu@vk.com,Female,Garden
932,Clerkclaude,Baison,cbaisonpv@newyorker.com,Male,Baby
933,Kary,Smythin,ksmythinpw@sina.com.cn,Female,Computers
934,Dion,Golsworthy,dgolsworthypx@addtoany.com,Bigender,Clothing
935,Evaleen,Pindred,epindredpy@woothemes.com,Female,Sports
936,Ilise,Leathers,ileatherspz@paypal.com,Female,Outdoors
937,Obadiah,Schorah,oschorahq0@marriott.com,Male,Sports
938,Graham,Pattie,gpattieq1@harvard.edu,Male,Home
939,Yuma,Ranklin,yranklinq2@addtoany.com,Non-binary,Jewelry
940,Gerik,Fackney,gfackneyq3@about.com,Male,Books
941,Jerrilyn,Ridel,jridelq4@macromedia.com,Female,Baby
942,Martina,Bartosek,mbartosekq5@dell.com,Female,Books
943,Gusta,Waumsley,gwaumsleyq6@globo.com,Female,Kids
944,Malena,Eat,meatq7@si.edu,Female,Beauty
945,Rowen,Orchart,rorchartq8@washingtonpost.com,Male,Games
946,Nona,Biasi,nbiasiq9@youku.com,Female,Industrial
947,Dedra,Fantini,dfantiniqa@arstechnica.com,Female,Baby
948,Nathanil,Kyle,nkyleqb@telegraph.co.uk,Genderfluid,Electronics
949,Joni,Ciccone,jcicconeqc@reuters.com,Female,Electronics
950,Dalli,Puddin,dpuddinqd@prnewswire.com,Male,Outdoors
951,Shaylah,Speake,sspeakeqe@theglobeandmail.com,Female,Sports
952,Gallard,Towey,gtoweyqf@prweb.com,Male,Baby
953,Helenka,Seint,hseintqg@jugem.jp,Female,Outdoors
954,Halette,Bartol,hbartolqh@arizona.edu,Female,Tools
955,Tatiana,Kettlesting,tkettlestingqi@slideshare.net,Female,Computers
956,Fairlie,Kolodziejski,fkolodziejskiqj@shinystat.com,Male,Computers
957,Cort,Laffan,claffanqk@eepurl.com,Male,Sports
958,Vassili,Biddles,vbiddlesql@reddit.com,Male,Music
959,Gill,Pedden,gpeddenqm@tuttocitta.it,Male,Industrial
960,Corena,Shalders,cshaldersqn@scientificamerican.com,Female,Jewelry
961,Mollee,Fuller,mfullerqo@bloomberg.com,Female,Electronics
962,Charlean,Benoi,cbenoiqp@lycos.com,Female,Sports
963,Kelsy,Kynder,kkynderqq@ycombinator.com,Female,Grocery
964,Susannah,Masic,smasicqr@hhs.gov,Female,Electronics
965,Gearard,Hurtado,ghurtadoqs@ted.com,Male,Grocery
966,Parrnell,Blenkinship,pblenkinshipqt@purevolume.com,Male,Outdoors
967,Oralee,Lortzing,olortzingqu@barnesandnoble.com,Female,Garden
968,Renelle,Bradder,rbradderqv@mapquest.com,Female,Beauty
969,Matthias,Scandred,mscandredqw@narod.ru,Male,Books
970,Stefania,Burrell,sburrellqx@slashdot.org,Female,Shoes
971,Domingo,Hargrave,dhargraveqy@sakura.ne.jp,Non-binary,Music
972,Gerry,Gosden,ggosdenqz@mozilla.org,Polygender,Beauty
973,Nataline,Kenneway,nkennewayr0@addthis.com,Female,Industrial
974,Sayer,Ferraraccio,sferraraccior1@nature.com,Genderqueer,Books
975,Emanuele,Hannant,ehannantr2@soundcloud.com,Male,Music
976,Nikolai,Tosdevin,ntosdevinr3@ning.com,Bigender,Jewelry
977,Horst,Tomkinson,htomkinsonr4@netvibes.com,Genderqueer,Sports
978,Blaire,Fuller,bfullerr5@cyberchimps.com,Female,Baby
979,Neely,Tabram,ntabramr6@shinystat.com,Genderfluid,Computers
980,Klara,Arnauduc,karnauducr7@europa.eu,Female,Sports
981,Bidget,Thyer,bthyerr8@reverbnation.com,Female,Home
982,Harwell,Moseley,hmoseleyr9@about.me,Male,Movies
983,Raphael,Monnery,rmonneryra@hao123.com,Male,Toys
984,Aldis,Bartoszewski,abartoszewskirb@clickbank.net,Male,Kids
985,Nissie,Hindrich,nhindrichrc@msn.com,Female,Baby
986,Emilia,Whates,ewhatesrd@patch.com,Genderfluid,Kids
987,Abdel,Wadeson,awadesonre@pbs.org,Male,Garden
988,Genevra,Orwin,gorwinrf@etsy.com,Female,Books
989,Georgeanna,Trevithick,gtrevithickrg@networkadvertising.org,Female,Shoes
990,Brnaba,Mifflin,bmifflinrh@yellowpages.com,Male,Grocery
991,Neddie,Farahar,nfaraharri@wired.com,Male,Outdoors
992,Elfrida,Creighton,ecreightonrj@ameblo.jp,Female,Toys
993,Arlan,Santhouse,asanthouserk@pbs.org,Male,Movies
994,Udale,McKerley,umckerleyrl@infoseek.co.jp,Male,Clothing
995,Ellwood,Juszkiewicz,ejuszkiewiczrm@businessweek.com,Male,Health
996,Edita,Mahaddie,emahaddiern@biglobe.ne.jp,Female,Tools
997,Joaquin,Gunner,jgunnerro@163.com,Male,Outdoors
998,Ira,Ambrosini,iambrosinirp@123-reg.co.uk,Male,Games
999,Ced,Soutter,csoutterrq@stumbleupon.com,Bigender,Music
1000,Annamaria,Hadlee,ahadleerr@chronoengine.com,Female,Clothing
